Operadora (Operator);Satélite (Satellite);Posição Orbital (Orbital slot);Código do Direito (Code);Tipo de Direito (Type of landing right);Tipo (Type);Data (Date);Documento (Document);Publicação D.O.U (Official Gazette);SEI - Processos (Proceedings)
ABS SINGAPORE SATELLITE PTE. LTD.;ABS-3A;3ºO;-3KuC;Estrangeiro;Termo;06/05/2021;TERMO DE AUTORIZAÇÃO Nº 5/2021;10/06/2021;53500.002155/2015-09
ABS SINGAPORE SATELLITE PTE. LTD.;ABS-3A;3ºO;-3KuC;Estrangeiro;Ato;29/01/2021;Ato Nº 617/2021;01/02/2021;53500.002155/2015-09
ABS SINGAPORE SATELLITE PTE. LTD.;ABS-3A;3ºO;-3KuC;Estrangeiro;Ato;17/08/2020;Ato Nº 4.388/2020;18/08/2020;53500.002155/2015-09
ABS SINGAPORE SATELLITE PTE. LTD.;ABS-3A;3ºO;-3KuC;Estrangeiro;Ato;11/06/2019;Ato Nº 3.650/2019;03/07/2019;53500.002155/2015-09
ABS SINGAPORE SATELLITE PTE. LTD.;ABS-3A;3ºO;-3KuC;Estrangeiro;Ato;11/06/2019;Retificação Ato Nº 3.650/2019;22/07/2019;53500.002155/2015-09
ABS SINGAPORE SATELLITE PTE. LTD.;ABS-3A;3ºO;-3KuC;Estrangeiro;Termo;14/10/2016;Termo de Autorização Nº 192/2016;19/10/2016;53500.002155/2015-09
ABS SINGAPORE SATELLITE PTE. LTD.;ABS-3A;3ºO;-3KuC;Estrangeiro;Ato;11/12/2015;Ato Nº 6.683/2015;24/12/2015;53500.002155/2015-09
COMSAT, INC;INMARSAT-4 F3;98ºO;-98L;Estrangeiro;Ato;06/09/2017;Ato Nº 12.019/2017;14/09/2017;53500.004955/2009-16
COMSAT, INC;INMARSAT-4 F3;98ºO;-98L;Estrangeiro;Ato;14/08/2017;Ato Nº 11.259/2017;01/09/2017;53500.004955/2009-16
COMSAT, INC;INMARSAT-4 F3;98ºO;-98L;Estrangeiro;Ato;14/03/2016;Ato Nº 50.728/2016;15/03/2016;53500.004955/2009-16
COMSAT, INC;INMARSAT-4 F3;98ºO;-98L;Estrangeiro;Ato;05/06/2013;Ato Nº 3.402/2013;13/06/2013;53500.004955/2009-16
COMSAT, INC;INMARSAT-4 F3;98ºO;-98L;Estrangeiro;Termo;28/03/2013;Termo PVSS/SPV Nº 177/2013;02/04/2013;53500.004955/2009-16
COMSAT, INC;INMARSAT-4 F3;98ºO;-98L;Estrangeiro;Termo;28/03/2013;Termo PVSS/SPV Nº 176/2013;02/04/2013;53500.004955/2009-16
COMSAT, INC;INMARSAT-4 F3;98ºO;-98L;Estrangeiro;Termo;28/03/2013;Termo PVSS/SPV Nº 175/2013;02/04/2013;53500.004955/2009-16
COMSAT, INC;INMARSAT-4 F3;98ºO;-98L;Estrangeiro;Termo;28/03/2013;Termo PVSS/SPV Nº 178/2013;02/04/2013;53500.004955/2009-16
COMSAT, INC;INMARSAT-4 F3;98ºO;-98L;Estrangeiro;Termo;28/03/2013;Termo PVSS/SPV Nº 174/2013;02/04/2013;53500.004955/2009-16
COMSAT, INC;INMARSAT-4 F3;98ºO;-98L;Estrangeiro;Termo;28/03/2013;Termo PVSS/SPV Nº 173/2013;02/04/2013;53500.004955/2009-16
COMSAT, INC;INMARSAT-4 F3;98ºO;-98L;Estrangeiro;Ato;04/10/2012;Ato Nº 5.719/2012;11/10/2012;53500.004955/2009-16
COMSAT, INC;INMARSAT-4 F3;98ºO;-98L;Estrangeiro;Ato;31/07/2012;Ato Nº 4.333/2012;08/08/2012;53500.004955/2009-16
COMSAT, INC;INMARSAT-4 F3;98ºO;-98L;Estrangeiro;Ato;26/08/2010;Ato Nº 5.488/2010;16/09/2010;53500.004955/2009-16
DIRECTV LATIN AMERICA LLC;SKY-B1;43,1ºO;-43,1KuKu30B;Estrangeiro;Ato;15/06/2022;Ato Nº 8392/2022;20/06/2022;53500.019972/2016-79
DIRECTV LATIN AMERICA LLC;SKY-B1;43,1ºO;-43,1KuKu30B;Estrangeiro;Ato;20/11/2019;Ato n° 7289/2019;28/11/2019;53500.019972/2016-79
DIRECTV LATIN AMERICA LLC;SKY-B1;43,1ºO;-43,1KuKu30B;Estrangeiro;Ato;15/03/2019;Ato n° 1811/2019;25/03/2019;53500.019972/2016-79
DIRECTV LATIN AMERICA LLC;SKY-B1;43,1ºO;-43,1KuKu30B;Estrangeiro;Ato;15/03/2019;Ato n° 1812/2019;25/03/2019;53500.019972/2016-79
DIRECTV LATIN AMERICA LLC;SKY-B1;43,1ºO;-43,1KuKu30B;Estrangeiro;Ato;24/04/2018;Ato n° 3113/2018;03/05/2018;53500.019972/2016-79
DIRECTV LATIN AMERICA LLC;SKY-B1;43,1ºO;-43,1KuKu30B;Estrangeiro;Ato;24/04/2018;Ato N° 3112/2018;03/05/2018;53500.019972/2016-79
DIRECTV LATIN AMERICA LLC;SKY-B1;43,1ºO;-43,1KuKu30B;Estrangeiro;Ato;23/02/2018;Ato N° 1210/2018;13/03/2018;53500.019972/2016-79
DIRECTV LATIN AMERICA LLC;SKY-B1;43,1ºO;-43,1KuKu30B;Estrangeiro;Ato;22/02/2018;Ato N° 1202/2018;13/03/2018;53500.019972/2016-79
DIRECTV LATIN AMERICA LLC;SKY-B1;43,1ºO;-43,1KuKu30B;Estrangeiro;Termo;02/10/2017;Termo de Autorização Nº 118/2017;04/10/2017;53500.019972/2016-79
DIRECTV LATIN AMERICA LLC;SKY-B1;43,1ºO;-43,1KuKu30B;Estrangeiro;Ato;11/08/2017;Ato N° 11189/2017;28/08/2017;53500.019972/2016-79
DIRECTV LATIN AMERICA LLC;SKY-B1;43,1ºO;-43,1KuKu30B;Estrangeiro;Ato;29/06/2017;Ato Nº 9.995/2017;04/07/2017;53500.019972/2016-79
EMBRATEL TVSAT TELECOMUNICAÇÕES S.A.;EUTELSAT 65 West A;65ºO;-65Ku;Brasileiro;Ato;26/04/2018;Ato Nº 3.200/2018;02/05/2018;53500.083707/2017-25
EMBRATEL TVSAT TELECOMUNICAÇÕES S.A.;ND;63ºO;-63C;Brasileiro;Termo aditivo;04/08/2020;Aditamento ao Termo PVSS/SPV Nº 001/1998-ANATEL;05/08/2020;53500.013443/2019-12
EMBRATEL TVSAT TELECOMUNICAÇÕES S.A.;ND;63ºO;-63C;Brasileiro;Termo aditivo;04/08/2020;2º Aditamento ao Termo PVSS/SPV Nº 007/2006-ANATEL;05/08/2020;53500.013443/2019-12
EMBRATEL TVSAT TELECOMUNICAÇÕES S.A.;ND;63ºO;-63C;Brasileiro;Ato;16/07/2020;Ato Nº 3.821/2020;20/07/2020;53500.013443/2019-12
EMBRATEL TVSAT TELECOMUNICAÇÕES S.A.;ND;68ºO;-68C;Brasileiro;Ato;16/07/2020;Ato Nº 3.821/2020;20/07/2020;53500.013443/2019-12
EMBRATEL TVSAT TELECOMUNICAÇÕES S.A.;ND;63ºO;-63C;Brasileiro;Ato;26/04/2018;Ato Nº 3.200/2018;02/05/2018;53500.083707/2017-25
EMBRATEL TVSAT TELECOMUNICAÇÕES S.A.;ND;68ºO;-68C;Brasileiro;Ato;26/04/2018;Ato Nº 3.200/2018;02/05/2018;53500.083707/2017-25
EMBRATEL TVSAT TELECOMUNICAÇÕES S.A.;ND;63ºO;-63C;Brasileiro;Termo aditivo;03/04/2017;2º Aditamento ao Termo PVSS/SPV Nº 156/2012-ANATEL;05/04/2017;53500.083707/2017-25
EMBRATEL TVSAT TELECOMUNICAÇÕES S.A.;ND;63ºO;-63C;Brasileiro;Termo;06/04/2006;Termo PVSS/SPV Nº 007/2006-ANATEL;19/04/2006;53500.083707/2017-25
EMBRATEL TVSAT TELECOMUNICAÇÕES S.A.;ND;63ºO;-63C;Brasileiro;Ato;20/12/2005;Ato N° 54.924/2005;23/12/2005;53500.013443/2019-12
EMBRATEL TVSAT TELECOMUNICAÇÕES S.A.;ND;63ºO;-63C;Brasileiro;Ato;30/10/2000;Ato N° 12.517/2000;31/10/2000;53500.006113/2000-52
EMBRATEL TVSAT TELECOMUNICAÇÕES S.A.;ND;63ºO;-63C;Brasileiro;Termo;27/07/1998;Termo PVSS/SPV N°001/1998-ANATEL;-;53500.006113/2000-52
EMBRATEL TVSAT TELECOMUNICAÇÕES S.A.;STARONE C1;92ºO;-92CKu;Brasileiro;Termo aditivo;04/08/2020;Aditamento ao Termo PVSS/SPV Nº 001/1998-ANATEL;05/08/2020;53500.013443/2019-12
EMBRATEL TVSAT TELECOMUNICAÇÕES S.A.;STARONE C1;92ºO;-92CKu;Brasileiro;Termo aditivo;04/08/2020;3º Aditamento ao Termo PVSS/SPV Nº 012/2007-ANATEL;06/08/2020;53500.063511/2017-14
EMBRATEL TVSAT TELECOMUNICAÇÕES S.A.;STARONE C1;92ºO;-92CKu;Brasileiro;Termo aditivo;04/08/2020;2º Aditamento ao Termo PVSS/SPV Nº 007/2006-ANATEL;05/08/2020;53500.013443/2019-12
EMBRATEL TVSAT TELECOMUNICAÇÕES S.A.;STARONE C1;92ºO;-92CKu;Brasileiro;Ato;08/06/2020;Ato Nº 3.062/2020;10/06/2020;53500.063511/2017-14
EMBRATEL TVSAT TELECOMUNICAÇÕES S.A.;STARONE C1;92ºO;-92CKu;Brasileiro;Ato;08/05/2020;Ato Nº 2.530/2020;02/09/2020;53500.016975/2019-01
EMBRATEL TVSAT TELECOMUNICAÇÕES S.A.;STARONE C1;92ºO;-92CKu;Brasileiro;Termo aditivo;22/08/2018;2º Aditamento ao Termo PVSS/SPV Nº 012/2007-ANATEL;27/08/2018;53500.063511/2017-14
EMBRATEL TVSAT TELECOMUNICAÇÕES S.A.;STARONE C1;92ºO;-92CKu;Brasileiro;Ato;26/04/2018;Ato Nº 3.200/2018;02/05/2018;53500.083707/2017-25
EMBRATEL TVSAT TELECOMUNICAÇÕES S.A.;STARONE C1;92ºO;-92CKu;Brasileiro;Termo aditivo;03/04/2017;2º Aditamento ao Termo PVSS/SPV Nº 156/2012-ANATEL;05/04/2017;53500.083707/2017-25
EMBRATEL TVSAT TELECOMUNICAÇÕES S.A.;STARONE C1;92ºO;-92CKu;Brasileiro;Termo aditivo;29/08/2014;Aditamento ao Termo PVSS/SPV Nº 012/2007-ANATEL;06/10/2014;53500.006338/2013
EMBRATEL TVSAT TELECOMUNICAÇÕES S.A.;STARONE C1;92ºO;-92CKu;Brasileiro;Ato;24/06/2014;Ato Nº 6.117/2014;03/07/2014;53500.006338/2013
EMBRATEL TVSAT TELECOMUNICAÇÕES S.A.;STARONE C1;92ºO;-92CKu;Brasileiro;Termo;09/11/2007;Termo PVSS/SPV Nº 012/2007-ANATEL;13/11/2007;53500.083707/2017-25
EMBRATEL TVSAT TELECOMUNICAÇÕES S.A.;STARONE C1;92ºO;-92CKu;Brasileiro;Ato;31/10/2007;Ato Nº 68.279/2007;05/11/2007;53500.006338/2013
EMBRATEL TVSAT TELECOMUNICAÇÕES S.A.;STARONE C1;92ºO;-92CKu;Brasileiro;Termo;06/04/2006;Termo PVSS/SPV Nº 007/2006-ANATEL;19/04/2006;53500.083707/2017-25
EMBRATEL TVSAT TELECOMUNICAÇÕES S.A.;STARONE C1;92ºO;-92CKu;Brasileiro;Ato;20/12/2005;Ato N° 54.924/2005;23/12/2005;53500.013443/2019-12
EMBRATEL TVSAT TELECOMUNICAÇÕES S.A.;STARONE C1;92ºO;-92CKu;Brasileiro;Ato;30/10/2000;Ato N° 12.517/2000;31/10/2000;53500.006113/2000-52
EMBRATEL TVSAT TELECOMUNICAÇÕES S.A.;STARONE C1;92ºO;-92CKu;Brasileiro;Termo;27/07/1998;Termo PVSS/SPV N°001/1998-ANATEL;-;53500.006113/2000-52
EMBRATEL TVSAT TELECOMUNICAÇÕES S.A.;STARONE C2;65ºO;-65CX;Brasileiro;;;;;
EMBRATEL TVSAT TELECOMUNICAÇÕES S.A.;STARONE C2;65ºO;-65Ku;Brasileiro;;;;;
EMBRATEL TVSAT TELECOMUNICAÇÕES S.A.;STARONE C3;75ºO;-75CKu;Brasileiro;Ato;15/02/2022;Ato Nº 2565/2022;17/02/2022;53500.014947/2019-41
EMBRATEL TVSAT TELECOMUNICAÇÕES S.A.;STARONE C3;75ºO;-75CKu;Brasileiro;Ato;15/02/2022;Ato Nº 2566/2022;03/03/2022;53500.014947/2019-41
EMBRATEL TVSAT TELECOMUNICAÇÕES S.A.;STARONE C3;75ºO;-75CKu;Brasileiro;Ato;08/05/2020;Ato Nº 2.530/2020;02/09/2020;53500.016975/2019-01
EMBRATEL TVSAT TELECOMUNICAÇÕES S.A.;STARONE C3;75ºO;-75CKu;Brasileiro;Ato;26/04/2018;Ato Nº 3.200/2018;02/05/2018;53500.083707/2017-25
EMBRATEL TVSAT TELECOMUNICAÇÕES S.A.;STARONE C3;75ºO;-75CKu;Brasileiro;Termo aditivo;22/08/2013;4º Aditamento ao Termo PVSS/SPV Nº 001/2007 – ANATEL;09/01/2015;53500.083707/2017-25
EMBRATEL TVSAT TELECOMUNICAÇÕES S.A.;STARONE C3;75ºO;-75CKu;Brasileiro;Ato;07/06/2013;Ato N° 3.442/2013;21/06/2013;53500.010933/2010
EMBRATEL TVSAT TELECOMUNICAÇÕES S.A.;STARONE C3;75ºO;-75CKu;Brasileiro;Termo aditivo;10/04/2012;3º Aditamento ao Termo PVSS/SPV Nº 001/2007 – ANATEL;13/04/2012;53500.083707/2017-25
EMBRATEL TVSAT TELECOMUNICAÇÕES S.A.;STARONE C3;75ºO;-75CKu;Brasileiro;Termo aditivo;14/04/2011;2º Aditamento ao Termo PVSS/SPV Nº 001/2007 – ANATEL;27/04/2011;53500.083707/2017-25
EMBRATEL TVSAT TELECOMUNICAÇÕES S.A.;STARONE C3;75ºO;-75CKu;Brasileiro;Despacho;29/10/2010;Despacho nº 10.119/2010-CD;04/11/2010;53500.006200/2015-96
EMBRATEL TVSAT TELECOMUNICAÇÕES S.A.;STARONE C3;75ºO;-75CKu;Brasileiro;Termo aditivo;16/05/2007;Aditamento ao Termo PVSS/SPV No 001/2007 – ANATEL;25/05/2007;53500.083707/2017-25
EMBRATEL TVSAT TELECOMUNICAÇÕES S.A.;STARONE C3;75ºO;-75CKu;Brasileiro;Ato;13/04/2007;Ato N° 64.571/2007;24/04/2007;53500.005254/1999
EMBRATEL TVSAT TELECOMUNICAÇÕES S.A.;STARONE C3;75ºO;-75CKu;Brasileiro;Termo;09/02/2007;Termo PVSS/SPV Nº 001/2007-ANATEL;27/02/2007;53500.083707/2017-25
EMBRATEL TVSAT TELECOMUNICAÇÕES S.A.;STARONE C3;75ºO;-75CKu;Brasileiro;Ato;30/01/2007;Ato Nº 63.338/2007;31/01/2007;53500.023874/2005
EMBRATEL TVSAT TELECOMUNICAÇÕES S.A.;STARONE C4;70ºO;-70Ku3030AKa;Brasileiro;Termo aditivo;21/01/2021;4º Aditamento ao Termo PVSS/SPV Nº 156/2012-ANATEL;28/01/2021;53500.022042/2016-01
EMBRATEL TVSAT TELECOMUNICAÇÕES S.A.;STARONE C4;70ºO;-70Ku;Brasileiro;Ato;16/07/2020;Ato Nº 3.821/2020;20/07/2020;53500.013443/2019-12
EMBRATEL TVSAT TELECOMUNICAÇÕES S.A.;STARONE C4;70ºO;-70Ku3030AKa;Brasileiro;Ato;16/07/2020;Ato Nº 3.821/2020;20/07/2020;53500.013443/2019-12
EMBRATEL TVSAT TELECOMUNICAÇÕES S.A.;STARONE C4;70ºO;-70Ku3030AKa;Brasileiro;Ato;08/05/2020;Ato Nº 2.530/2020;02/09/2020;53500.016975/2019-01
EMBRATEL TVSAT TELECOMUNICAÇÕES S.A.;STARONE C4;70ºO;-70Ku;Brasileiro;Termo aditivo;27/04/2020;3º Aditamento ao Termo PVSS/SPV Nº 156/2012-ANATEL;28/04/2020;53500.022042/2016-01
EMBRATEL TVSAT TELECOMUNICAÇÕES S.A.;STARONE C4;70ºO;-70Ku3030AKa;Brasileiro;Termo aditivo;27/04/2020;3º Aditamento ao Termo PVSS/SPV Nº 156/2012-ANATEL;28/04/2020;53500.022042/2016-01
EMBRATEL TVSAT TELECOMUNICAÇÕES S.A.;STARONE C4;70ºO;-70Ku;Brasileiro;Termo aditivo;01/10/2019;Aditamento ao Termo PVSS/SPV Nº 002/2003-ANATEL;03/10/2019;53500.032525/2018-77
EMBRATEL TVSAT TELECOMUNICAÇÕES S.A.;STARONE C4;70ºO;-70Ku;Brasileiro;Ato;06/06/2019;Ato Nº 3.579/2019;10/06/2019;53500.032525/2018-77
EMBRATEL TVSAT TELECOMUNICAÇÕES S.A.;STARONE C4;70ºO;-70Ku;Brasileiro;Ato;26/04/2018;Ato Nº 3.200/2018;02/05/2018;53500.083707/2017-25
EMBRATEL TVSAT TELECOMUNICAÇÕES S.A.;STARONE C4;70ºO;-70Ku3030AKa;Brasileiro;Ato;26/04/2018;Ato Nº 3.200/2018;02/05/2018;53500.083707/2017-25
EMBRATEL TVSAT TELECOMUNICAÇÕES S.A.;STARONE C4;70ºO;-70Ku3030AKa;Brasileiro;Termo aditivo;03/04/2017;2º Aditamento ao Termo PVSS/SPV Nº 156/2012-ANATEL;05/04/2017;53500.083707/2017-25
EMBRATEL TVSAT TELECOMUNICAÇÕES S.A.;STARONE C4;70ºO;-70Ku;Brasileiro;Termo aditivo;22/06/2012;Aditamento ao Termo PVSS/SPV Nº 156/2012-ANATEL;-;201290106201
EMBRATEL TVSAT TELECOMUNICAÇÕES S.A.;STARONE C4;70ºO;-70Ku3030AKa;Brasileiro;Termo aditivo;22/06/2012;Aditamento ao Termo PVSS/SPV Nº 156/2012-ANATEL;-;201290106201
EMBRATEL TVSAT TELECOMUNICAÇÕES S.A.;STARONE C4;70ºO;-70Ku;Brasileiro;Termo;22/03/2012;Termo PVSS/SPV Nº 156/2012-ANATEL;-;201290051789
EMBRATEL TVSAT TELECOMUNICAÇÕES S.A.;STARONE C4;70ºO;-70Ku3030AKa;Brasileiro;Termo;22/03/2012;Termo PVSS/SPV Nº 156/2012-ANATEL;-;201290051789
EMBRATEL TVSAT TELECOMUNICAÇÕES S.A.;STARONE C4;70ºO;-70Ku3030AKa;Brasileiro;Ato;24/02/2012;Ato Nº 1.073/2012;01/03/2012;53500.015405/2015-62
EMBRATEL TVSAT TELECOMUNICAÇÕES S.A.;STARONE C4;70ºO;-70Ku;Brasileiro;Termo;08/10/2003;Termo PVSS/SPV Nº 002/2003-ANATEL;13/11/2003;53500.083707/2017-25
EMBRATEL TVSAT TELECOMUNICAÇÕES S.A.;STARONE C4;70ºO;-70Ku;Brasileiro;Ato;16/09/2003;Ato Nº 39.094/2003;24/09/2003;53500.005294/2001-81
EMBRATEL TVSAT TELECOMUNICAÇÕES S.A.;STARONE C4;70ºO;-70Ku;Brasileiro;Termo;27/07/1998;Termo PVSS/SPV N°001/1998-ANATEL;-;53500.006113/2000-52
EMBRATEL TVSAT TELECOMUNICAÇÕES S.A.;STARONE D1;84ºO;-84C;Brasileiro;Termo aditivo;04/08/2020;2º Aditamento ao Termo PVSS/SPV Nº 007/2006-ANATEL;05/08/2020;53500.013443/2019-12
EMBRATEL TVSAT TELECOMUNICAÇÕES S.A.;STARONE D1;84ºO;-84C;Brasileiro;Termo aditivo;04/08/2020;Aditamento ao Termo PVSS/SPV Nº 001/1998-ANATEL;05/08/2020;53500.013443/2019-12
EMBRATEL TVSAT TELECOMUNICAÇÕES S.A.;STARONE D1;84ºO;-84C;Brasileiro;Ato;16/07/2020;Ato Nº 3.821/2020;20/07/2020;53500.013443/2019-12
EMBRATEL TVSAT TELECOMUNICAÇÕES S.A.;STARONE D1;84ºO;-84KuKa;Brasileiro;Ato;08/05/2020;Ato Nº 2.530/2020;02/09/2020;53500.016975/2019-01
EMBRATEL TVSAT TELECOMUNICAÇÕES S.A.;STARONE D1;84ºO;-84C;Brasileiro;Ato;08/05/2020;Ato Nº 2.530/2020;02/09/2020;53500.016975/2019-01
EMBRATEL TVSAT TELECOMUNICAÇÕES S.A.;STARONE D1;84ºO;-84KuKa;Brasileiro;Ato;26/04/2018;Ato Nº 3.200/2018;02/05/2018;53500.083707/2017-25
EMBRATEL TVSAT TELECOMUNICAÇÕES S.A.;STARONE D1;84ºO;-84C;Brasileiro;Ato;26/04/2018;Ato Nº 3.200/2018;02/05/2018;53500.083707/2017-25
EMBRATEL TVSAT TELECOMUNICAÇÕES S.A.;STARONE D1;84ºO;-84C;Brasileiro;Termo aditivo;03/04/2017;2º Aditamento ao Termo PVSS/SPV Nº 156/2012-ANATEL;05/04/2017;53500.083707/2017-25
EMBRATEL TVSAT TELECOMUNICAÇÕES S.A.;STARONE D1;84ºO;-84KuKa;Brasileiro;Termo;02/02/2012;Termo PVSS/SPV Nº 76/2012-ANATEL;06/02/2012;53500.083707/2017-25
EMBRATEL TVSAT TELECOMUNICAÇÕES S.A.;STARONE D1;84ºO;-84KuKa;Brasileiro;Ato;04/01/2012;Ato Nº 66/2012;09/01/2012;53500.026013/2010-14
EMBRATEL TVSAT TELECOMUNICAÇÕES S.A.;STARONE D1;84ºO;-84C;Brasileiro;Termo;06/04/2006;Termo PVSS/SPV Nº 007/2006-ANATEL;19/04/2006;53500.083707/2017-25
EMBRATEL TVSAT TELECOMUNICAÇÕES S.A.;STARONE D1;84ºO;-84C;Brasileiro;Ato;20/12/2005;Ato N° 54.924/2005;23/12/2005;53500.013443/2019-12
EMBRATEL TVSAT TELECOMUNICAÇÕES S.A.;STARONE D1;84ºO;-84C;Brasileiro;Ato;30/10/2000;Ato N° 12.517/2000;31/10/2000;53500.006113/2000-52
EMBRATEL TVSAT TELECOMUNICAÇÕES S.A.;STARONE D1;84ºO;-84C;Brasileiro;Termo;27/07/1998;Termo PVSS/SPV N°001/1998-ANATEL;-;53500.006113/2000-52
EMBRATEL TVSAT TELECOMUNICAÇÕES S.A.;STARONE D2;70ºO;-70Ku3030AKa;Brasileiro;Ato;16/07/2020;Ato Nº 3.821/2020;20/07/2020;53500.013443/2019-12
EMBRATEL TVSAT TELECOMUNICAÇÕES S.A.;STARONE D2;70ºO;-70CX;Brasileiro;Ato;16/07/2020;Ato Nº 3.821/2020;20/07/2020;53500.013443/2019-12
EMBRATEL TVSAT TELECOMUNICAÇÕES S.A.;STARONE D2;70ºO;-70Ku;Brasileiro;Ato;16/07/2020;Ato Nº 3.821/2020;20/07/2020;53500.013443/2019-12
EMBRATEL TVSAT TELECOMUNICAÇÕES S.A.;STARONE D2;70ºO;-70Ku3030AKa;Brasileiro;Termo aditivo;27/04/2020;3º Aditamento ao Termo PVSS/SPV Nº 156/2012-ANATEL;28/04/2020;53500.022042/2016-01
EMBRATEL TVSAT TELECOMUNICAÇÕES S.A.;STARONE D2;70ºO;-70CX;Brasileiro;Termo aditivo;27/04/2020;3º Aditamento ao Termo PVSS/SPV Nº 156/2012-ANATEL;28/04/2020;53500.022042/2016-01
EMBRATEL TVSAT TELECOMUNICAÇÕES S.A.;STARONE D2;70ºO;-70Ku;Brasileiro;Termo aditivo;27/04/2020;3º Aditamento ao Termo PVSS/SPV Nº 156/2012-ANATEL;28/04/2020;53500.022042/2016-01
EMBRATEL TVSAT TELECOMUNICAÇÕES S.A.;STARONE D2;70ºO;-70Ku;Brasileiro;Termo aditivo;01/10/2019;Aditamento ao Termo PVSS/SPV Nº 002/2003-ANATEL;03/10/2019;53500.032525/2018-77
EMBRATEL TVSAT TELECOMUNICAÇÕES S.A.;STARONE D2;70ºO;-70Ku;Brasileiro;Ato;06/06/2019;Ato Nº 3.579/2019;10/06/2019;53500.032525/2018-77
EMBRATEL TVSAT TELECOMUNICAÇÕES S.A.;STARONE D2;70ºO;-70CX;Brasileiro;Ato;26/04/2018;Ato Nº 3.200/2018;02/05/2018;53500.083707/2017-25
EMBRATEL TVSAT TELECOMUNICAÇÕES S.A.;STARONE D2;70ºO;-70Ku3030AKa;Brasileiro;Ato;26/04/2018;Ato Nº 3.200/2018;02/05/2018;53500.083707/2017-25
EMBRATEL TVSAT TELECOMUNICAÇÕES S.A.;STARONE D2;70ºO;-70Ku;Brasileiro;Ato;26/04/2018;Ato Nº 3.200/2018;02/05/2018;53500.083707/2017-25
EMBRATEL TVSAT TELECOMUNICAÇÕES S.A.;STARONE D2;70ºO;-70CX;Brasileiro;Termo aditivo;22/06/2012;Aditamento ao Termo PVSS/SPV Nº 156/2012-ANATEL;-;201290106201
EMBRATEL TVSAT TELECOMUNICAÇÕES S.A.;STARONE D2;70ºO;-70Ku3030AKa;Brasileiro;Termo aditivo;22/06/2012;Aditamento ao Termo PVSS/SPV Nº 156/2012-ANATEL;-;201290106201
EMBRATEL TVSAT TELECOMUNICAÇÕES S.A.;STARONE D2;70ºO;-70Ku;Brasileiro;Termo aditivo;22/06/2012;Aditamento ao Termo PVSS/SPV Nº 156/2012-ANATEL;-;201290106201
EMBRATEL TVSAT TELECOMUNICAÇÕES S.A.;STARONE D2;70ºO;-70Ku3030AKa;Brasileiro;Termo;22/03/2012;Termo PVSS/SPV Nº 156/2012-ANATEL;-;201290051789
EMBRATEL TVSAT TELECOMUNICAÇÕES S.A.;STARONE D2;70ºO;-70Ku;Brasileiro;Termo;22/03/2012;Termo PVSS/SPV Nº 156/2012-ANATEL;-;201290051789
EMBRATEL TVSAT TELECOMUNICAÇÕES S.A.;STARONE D2;70ºO;-70Ku3030AKa;Brasileiro;Ato;24/02/2012;Ato Nº 1.073/2012;01/03/2012;53500.015405/2015-62
EMBRATEL TVSAT TELECOMUNICAÇÕES S.A.;STARONE D2;70ºO;-70Ku;Brasileiro;Termo;08/10/2003;Termo PVSS/SPV Nº 002/2003-ANATEL;13/11/2003;53500.083707/2017-25
EMBRATEL TVSAT TELECOMUNICAÇÕES S.A.;STARONE D2;70ºO;-70Ku;Brasileiro;Ato;16/09/2003;Ato Nº 39.094/2003;24/09/2003;53500.005294/2001-81
EMBRATEL TVSAT TELECOMUNICAÇÕES S.A.;STARONE D2;70ºO;-70CX;Brasileiro;Termo;27/07/1998;Termo PVSS/SPV N°001/1998-ANATEL;-;53500.006113/2000-52
EMBRATEL TVSAT TELECOMUNICAÇÕES S.A.;STARONE D2;70ºO;-70Ku;Brasileiro;Termo;27/07/1998;Termo PVSS/SPV N°001/1998-ANATEL;-;53500.006113/2000-52
EUTELSAT DO BRASIL LTDA;EUTELSAT 65 West A;65ºO;-65C30BKu30BKa;Brasileiro;Termo aditivo;16/09/2016;Aditamento ao Termo ORLE/SOR N° 001/2013 – ANATEL;26/09/2016;53500.004357/2016-68
EUTELSAT DO BRASIL LTDA;EUTELSAT 65 West A;65ºO;-65C30BKu30BKa;Brasileiro;Termo;05/06/2013;Termo ORLE/SOR N° 001/2013 – ANATEL;06/06/2013;201390098301
EUTELSAT DO BRASIL LTDA;EUTELSAT 65 West A;65ºO;-65C30BKu30BKa;Brasileiro;Ato;19/04/2013;Ato N° 2.642/2013;03/05/2013;53500.026013/2010
EUTELSAT S/A;EUTELSAT 3B;3ºL;3CKu;Estrangeiro;Ato;05/10/2021;Ato Nº 8809/2021;07/10/2021;53500.010749/2014-02
EUTELSAT S/A;EUTELSAT 3B;3ºL;3CKu;Estrangeiro;Ato;01/03/2018;Ato Nº 1375/2018;14/03/2018;53500.010749/2014-02
EUTELSAT S/A;EUTELSAT 3B;3ºL;3CKu;Estrangeiro;Ato;28/04/2017;Retificação Ato Nº 7973/2017;02/05/2017;53500.010749/2014-02
EUTELSAT S/A;EUTELSAT 3B;3ºL;3CKu;Estrangeiro;Ato;12/04/2017;Ato Nº 7977/2017;24/04/2017;53500.010749/2014-02
EUTELSAT S/A;EUTELSAT 3B;3ºL;3CKu;Estrangeiro;Ato;12/04/2017;Ato Nº 7973/2017;24/04/2017;53500.010749/2014-02
EUTELSAT S/A;EUTELSAT 3B;3ºL;3CKu;Estrangeiro;Termo;21/08/2015;Termo Nº 215/2015 – ORLE/SOR;18/11/2015;53500.010749/2014
EUTELSAT S/A;EUTELSAT 3B;3ºL;3CKu;Estrangeiro;Ato;27/05/2015;Ato Nº 3.228/2015;05/06/2015;53500.010749/2014
EUTELSAT S/A;EUTELSAT 3B;3ºL;3CKu;Estrangeiro;Ato;04/02/2015;Ato Nº 905/2015;09/02/2015;53500.010749/2014
EUTELSAT S/A;EUTELSAT 3B;3ºL;3CKu;Estrangeiro;Ato;29/12/2014;Ato Nº 10.430/2014;30/12/2014;53500.010749/2014
EUTELSAT S/A;EUTELSAT 3B;3ºL;3CKu;Estrangeiro;Ato;20/10/2014;Ato Nº 8.304/2014;24/10/2014;53500.010749/2014
EUTELSAT S/A;EUTELSAT 8 WEST B;8ºO;-8CKu;Estrangeiro;Ato;29/07/2019;Ato N° 4491/2019;08/08/2019;53500.006199/2015-08
EUTELSAT S/A;EUTELSAT 8 WEST B;8ºO;-8CKu;Estrangeiro;Ato;08/03/2019;Ato N° 1606/2019;25/03/2019;53500.006199/2015-08
EUTELSAT S/A;EUTELSAT 8 WEST B;8ºO;-8CKu;Estrangeiro;Ato;04/01/2019;Ato N° 65/2019;08/01/2019;53500.006199/2015-08
EUTELSAT S/A;EUTELSAT 8 WEST B;8ºO;-8CKu;Estrangeiro;Termo;25/04/2018;TERMO DE AUTORIZAÇÃO Nº 22/2018;27/04/2018;53500.006199/2015-08
EUTELSAT S/A;EUTELSAT 8 WEST B;8ºO;-8CKu;Estrangeiro;Ato;28/03/2018;Ato N° 2424/2018;04/04/2018;53500.006199/2015-08
EUTELSAT S/A;EUTELSAT 8 WEST B;8ºO;-8CKu;Estrangeiro;Ato;28/03/2018;Ato N° 2425/2018;04/04/2018;53500.006199/2015-08
EUTELSAT S/A;EUTELSAT 8 WEST B;8ºO;-8CKu;Estrangeiro;Ato;08/02/2018;Ato N° 945/2018;14/02/2018;53500.006199/2015-08
EUTELSAT S/A;EUTELSAT 8 WEST B;8ºO;-8CKu;Estrangeiro;Ato;20/07/2017;Ato N° 10526/2017;02/08/2017;53500.065419/2017-99
EUTELSAT S/A;EUTELSAT 8 WEST B;8ºO;-8CKu;Estrangeiro;Ato;18/11/2016;Ato N° 4951/2016;15/12/2016;53508.006379/2016-92
EUTELSAT S/A;EUTELSAT 8 WEST B;8ºO;-8CKu;Estrangeiro;Ato;19/04/2016;Ato Nº 1.100/2016;30/05/2016;53508.001832/2016-74
EUTELSAT S/A;EUTELSAT 8 WEST B;8ºO;-8CKu;Estrangeiro;Ato;30/12/2015;Ato Nº 7.236/2015;11/01/2016;53500.006199/2015-08
EUTELSAT S/A;EUTELSAT 8 WEST B;8ºO;-8CKu;Estrangeiro;Ato;26/08/2015;Ato Nº 5.391/2015;31/08/2015;53500.006199/2015-08
EUTELSAT S/A;EUTELSAT 8 WEST B;8ºO;-8CKu;Estrangeiro;Termo;01/07/2014;Termo Nº 67/2014 – ORLE/SOR;26/08/2014;53500.018478/2013,
EUTELSAT S/A;EUTELSAT 8 WEST B;8ºO;-8CKu;Estrangeiro;Ato;31/03/2014;Ato Nº 4.320/2014;04/04/2014;53508.001832/2016-74
GLOBALSTAR LICENSEE LLC;Sistema Globalstar;NGEO;GLO-CSL;Estrangeiro;Termo;09/09/2017;Termo de Autorização Nº 107/2017;12/09/2017;53500.005646/2015-01
GLOBALSTAR LICENSEE LLC;Sistema Globalstar;NGEO;GLO-CSL;Estrangeiro;Ato;12/07/2017;Ato N° 10.303/2017;14/07/2017;53500.005646/2015-01
HISPAMAR SATELITES S.A.;AMAZONAS 2;61ºO;-61KuKa;Brasileiro;Termo aditivo;06/04/2021;5º  Aditamento ao Termo PVSS/SPV Nº 22/2000 – ANATEL;12/04/2021;53500.001205/2015-22
HISPAMAR SATELITES S.A.;AMAZONAS 2;61ºO;-61KuKa;Brasileiro;Ato;14/12/2015;Ato Nº 6.741/2015;20/12/2015;53500.001205/2015-22
HISPAMAR SATELITES S.A.;AMAZONAS 2;61ºO;-61KuKa;Brasileiro;Termo aditivo;12/04/2012;4º Aditamento ao Termo PVSS/SPV Nº 22/2000 – ANATEL;29/04/2012;53500.002454/2003
HISPAMAR SATELITES S.A.;AMAZONAS 2;61ºO;-61KuKa;Brasileiro;Ato;07/04/2011;Ato Nº 2.066/2011;18/04/2011;53500.008550/2009—49
HISPAMAR SATELITES S.A.;AMAZONAS 2;61ºO;-61KuKa;Brasileiro;Termo aditivo;10/04/2008;3º Aditamento ao Termo PVSS/SPV Nº 22/2000 – ANATEL;-;53500.008550/2009-49
HISPAMAR SATELITES S.A.;AMAZONAS 2;61ºO;-61KuKa;Brasileiro;Termo aditivo;10/04/2008;3º Aditamento ao Termo PVSS/SPV Nº 22/2000 – ANATEL;-;53500.002454/2003-00
HISPAMAR SATELITES S.A.;AMAZONAS 2;61ºO;-61KuKa;Brasileiro;Termo aditivo;16/01/2004;2º Aditamento ao Termo PVSS/SPV Nº 22/2000 – ANATEL;30/03/2004;53500001817/2001-10
HISPAMAR SATELITES S.A.;AMAZONAS 2;61ºO;-61KuKa;Brasileiro;Termo aditivo;16/01/2004;Aditamento ao Termo PVSS/SPV Nº 002/98 – ANATEL;30/03/2004;53500002454/2003
HISPAMAR SATELITES S.A.;AMAZONAS 2;61ºO;-61KuKa;Brasileiro;Ato;23/12/2003;Ato Nº 41.396/2003;30/12/2003;53500001817/2001-10
HISPAMAR SATELITES S.A.;AMAZONAS 2;61ºO;-61KuKa;Brasileiro;Despacho;10/07/2003;Despacho nº 068/2003-SPV;-;53500002454/2003
HISPAMAR SATELITES S.A.;AMAZONAS 2;61ºO;-61KuKa;Brasileiro;Ato;11/03/2003;Ato Nº 34.411/2003;16/04/2003;53500.006054/2002-84
HISPAMAR SATELITES S.A.;AMAZONAS 2;61ºO;-61KuKa;Brasileiro;Despacho;10/07/2001;Despacho nº 074/2001-CD;12/07/2001;53500.002454/2003-00
HISPAMAR SATELITES S.A.;AMAZONAS 2;61ºO;-61KuKa;Brasileiro;Ato;30/04/2001;Ato Nº 16.475/2001;03/05/2001;53500001817/2001-10
HISPAMAR SATELITES S.A.;AMAZONAS 2;61ºO;-61KuKa;Brasileiro;Termo aditivo;30/04/2001;Aditamento ao Termo PVSS/SPV N° 22/2000 – ANATEL;03/05/2001;53500001817/2001-10
HISPAMAR SATELITES S.A.;AMAZONAS 2;61ºO;-61KuKa;Brasileiro;Termo;27/09/2000;Termo PVSS/SPV N° 22/2000 – ANATEL;-;53500001817/2001-10
HISPAMAR SATELITES S.A.;AMAZONAS 3;61ºO;-61KuKa;Brasileiro;Termo aditivo;06/04/2021;5º  Aditamento ao Termo PVSS/SPV Nº 22/2000 – ANATEL;12/04/2021;53500.001205/2015-22
HISPAMAR SATELITES S.A.;AMAZONAS 3;61ºO;-61C;Brasileiro;Termo aditivo;05/08/2020;Aditamento ao Termo PVSS/SPV Nº 006/2006-ANATEL;06/08/2020;53500.013443/2019-12
HISPAMAR SATELITES S.A.;AMAZONAS 3;61ºO;-61C;Brasileiro;Termo aditivo;05/08/2020;2º Aditamento ao Termo PVSS/SPV Nº 002/1998-ANATEL;06/08/2020;53500.013443/2019-12
HISPAMAR SATELITES S.A.;AMAZONAS 3;61ºO;-61C;Brasileiro;Ato;17/07/2020;Ato Nº 3.822/2020;21/07/2020;53500.013443/2019-12
HISPAMAR SATELITES S.A.;AMAZONAS 3;61ºO;-61KuKa;Brasileiro;Ato;14/12/2015;Ato Nº 6.741/2015;20/12/2015;53500.001205/2015-22
HISPAMAR SATELITES S.A.;AMAZONAS 3;61ºO;-61KuKa;Brasileiro;Termo aditivo;12/04/2012;4º Aditamento ao Termo PVSS/SPV Nº 22/2000 – ANATEL;29/04/2012;53500.002454/2003
HISPAMAR SATELITES S.A.;AMAZONAS 3;61ºO;-61KuKa;Brasileiro;Ato;07/04/2011;Ato Nº 2.066/2011;18/04/2011;53500.008550/2009—49
HISPAMAR SATELITES S.A.;AMAZONAS 3;61ºO;-61C;Brasileiro;Termo;21/03/2006;Termo PVSS/SPV N° 006/2006 – ANATEL;05/04/2006;53500002454/2003
HISPAMAR SATELITES S.A.;AMAZONAS 3;61ºO;-61C;Brasileiro;Ato;20/12/2005;Ato N° 54.923/2005;23/12/2005;53500002454/2003
HISPAMAR SATELITES S.A.;AMAZONAS 3;61ºO;-61C;Brasileiro;Termo;15/01/2004;Termo PVSS/SPV N° 002/2004 – ANATEL;30/03/2004;53500.002454/2003-00
HISPAMAR SATELITES S.A.;AMAZONAS 3;61ºO;-61C;Brasileiro;Despacho;10/07/2003;Despacho nº 068/2003-SPV;-;53500002454/2003
HISPAMAR SATELITES S.A.;AMAZONAS 3;61ºO;-61C;Brasileiro;Ato;11/03/2003;Ato Nº 34.412/2003;16/04/2003;53500.006054/2002-84
HISPAMAR SATELITES S.A.;AMAZONAS 3;61ºO;-61C;Brasileiro;Termo;27/07/1998;Termo PVSS/SPV N° 002/1998 – ANATEL;-;53500.001817/2001
HISPAMAR SATELITES S.A.;AMAZONAS 5;61ºO;-61KuKa;Brasileiro;Termo aditivo;06/04/2021;5º  Aditamento ao Termo PVSS/SPV Nº 22/2000 – ANATEL;12/04/2021;53500.001205/2015-22
HISPAMAR SATELITES S.A.;AMAZONAS 5;61ºO;-61KuKa;Brasileiro;Ato;14/12/2015;Ato Nº 6.741/2015;20/12/2015;53500.001205/2015-22
HISPAMAR SATELITES S.A.;AMAZONAS 5;61ºO;-61Ku3030A;Brasileiro;Termo;12/08/2014;Termo ORLE/SOR N° 1/2014 – ANATEL;13/08/2014;53500.021277/2014-13
HISPAMAR SATELITES S.A.;AMAZONAS 5;61ºO;-61Ku3030A;Brasileiro;Ato;06/08/2014;Ato Nº 6.913/2014;08/08/2014;53500.021277/2014-13
HISPAMAR SATELITES S.A.;AMAZONAS 5;61ºO;-61KuKa;Brasileiro;Termo aditivo;12/04/2012;4º Aditamento ao Termo PVSS/SPV Nº 22/2000 – ANATEL;29/04/2012;53500.002454/2003
HISPAMAR SATELITES S.A.;AMAZONAS 5;61ºO;-61KuKa;Brasileiro;Ato;07/04/2011;Ato Nº 2.066/2011;18/04/2011;53500.008550/2009—49
HISPAMAR SATELITES S.A.;HISPASAT 74W-1;74ºO;-74Ku3030A;Brasileiro;Termo;02/03/2016;Termo ORLE/SOR N° 004/2016 – ANATEL;04/03/2016;53500.007759/2015-33
HISPAMAR SATELITES S.A.;HISPASAT 74W-1;74ºO;-74Ku3030A;Brasileiro;Ato;24/02/2016;Ato N° 50.476/2016;25/02/2016;53500.007759/2015-33
HISPASAT S.A.;AMAZONAS 2 (E);61ºO;-61C30BKu30B;Estrangeiro;Termo;14/04/2011;Termo PVSS/SPV Nº 002/2011 – ANATEL;27/04/2011;53500.023049/2008
HISPASAT S.A.;AMAZONAS 2 (E);61ºO;-61C30BKu30B;Estrangeiro;Despacho;21/06/2010;Despacho nº 5.018/2010-SPV;28/06/2010;53500.023049/2008
HISPASAT S.A.;AMAZONAS 2 (E);61ºO;-61C30BKu30B;Estrangeiro;Ato;02/10/2009;Ato Nº 5.678/2009;05/10/2009;53500.023049/2008-21
HISPASAT S.A.;HISPASAT 30W-6;30ºO;-30C30BKu30BKu;Estrangeiro;Ato;05/02/2021;Retificação do Ato Nº 8032/2020;05/02/2021;53508.003219/2016-91
HISPASAT S.A.;HISPASAT 30W-6;30ºO;-30C30BKu30BKu;Estrangeiro;Ato;31/12/2020;Ato Nº 8032/2020;06/01/2021;53508.003219/2016-91
HISPASAT S.A.;HISPASAT 30W-6;30ºO;-30C30BKu30BKu;Estrangeiro;Termo;29/04/2020;Termo de Autorização Nº 13/2020;30/04/2020;53508.003219/2016-91
HISPASAT S.A.;HISPASAT 30W-6;30ºO;-30C30BKu30BKu;Estrangeiro;Ato;09/01/2019;Ato Nº 138/2019;07/02/2019;53508.003219/2016-91
HISPASAT S.A.;HISPASAT 30W-6;30ºO;-30C30BKu30BKu;Estrangeiro;Ato;19/04/2018;Ato Nº 2.964/2018;23/04/2018;53508.003219/2016-91
HISPASAT S.A.;HISPASAT 36W-1;36ºO;-36Ku;Estrangeiro;Termo;29/04/2020;Termo de Autorização Nº 13/2020;30/04/2020;53508.003219/2016-91
HISPASAT S.A.;HISPASAT 36W-1;36ºO;-36Ku;Estrangeiro;Termo;13/04/2016;Termo Nº 5/2016-ORLE/SOR;-;53500.005857/2013-74
HISPASAT S.A.;HISPASAT 36W-1;36ºO;-36Ku;Estrangeiro;Ato;01/02/2016;Ato Nº 50.266/2016;05/02/2016;53500.005857/2013-74
HUGHES TELECOMUNICAÇÕES DO BRASIL LTDA.;AL YAH 3;20ºO;-20Ka;Brasileiro;Ato;08/05/2020;Ato N° 2.529/2020;30/07/2020;53500.024622/2019-77
HUGHES TELECOMUNICAÇÕES DO BRASIL LTDA.;AL YAH 3;20ºO;-20Ka;Brasileiro;Termo;02/03/2016;Termo ORLE/SOR N° 003/2016 – ANATEL;04/03/2016;53500.007759/2015-33
HUGHES TELECOMUNICAÇÕES DO BRASIL LTDA.;AL YAH 3;20ºO;-20Ka;Brasileiro;Ato;24/02/2016;Ato N° 50.475/2016;25/02/2016;53500.007759/2015-33
HUGUES NETWORK SYSTEMS LLC;JUPITER 3;95,2ºO;-95,2Ka;Estrangeiro;Termo;20/08/2020;Termo de Autorização Nº 127/2020;21/08/2020;53500.055846/2019-21
HUGUES NETWORK SYSTEMS LLC;JUPITER 3;95,2ºO;-95,2Ka;Estrangeiro;Ato;03/06/2020;Ato Nº 2.980/2020;25/06/2020;53500.055846/2019-21
INMARSAT GLOBAL LIMITED;Global Xpress;55ºO;-55Ka;Estrangeiro;Termo;12/08/2021;TERMO DE AUTORIZAÇÃO Nº 24/2021;17/08/2021;53500.015782/2013-30
INMARSAT GLOBAL LIMITED;Global Xpress;55ºO;-55Ka;Estrangeiro;Termo;12/08/2021;TERMO DE AUTORIZAÇÃO Nº 16/2021;17/08/2021;53500.015782/2013-30
INMARSAT GLOBAL LIMITED;Global Xpress;55ºO;-55Ka;Estrangeiro;Termo;12/08/2021;TERMO DE AUTORIZAÇÃO Nº 18/2021;17/08/2021;53500.015782/2013-30
INMARSAT GLOBAL LIMITED;Global Xpress;55ºO;-55Ka;Estrangeiro;Termo;12/08/2021;TERMO DE AUTORIZAÇÃO Nº 20/2021;17/08/2021;53500.015782/2013-30
INMARSAT GLOBAL LIMITED;Global Xpress;55ºO;-55Ka;Estrangeiro;Termo;12/08/2021;TERMO DE AUTORIZAÇÃO Nº 23/2021;17/08/2021;53500.015782/2013-30
INMARSAT GLOBAL LIMITED;Global Xpress;55ºO;-55Ka;Estrangeiro;Termo;12/08/2021;TERMO DE AUTORIZAÇÃO Nº 25/2021;17/08/2021;53500.015782/2013-30
INMARSAT GLOBAL LIMITED;Global Xpress;55ºO;-55Ka;Estrangeiro;Termo;12/08/2021;TERMO DE AUTORIZAÇÃO Nº 17/2021;17/08/2021;53500.015782/2013-30
INMARSAT GLOBAL LIMITED;Global Xpress;55ºO;-55Ka;Estrangeiro;Termo;12/08/2021;TERMO DE AUTORIZAÇÃO Nº 15/2021;17/08/2021;53500.015782/2013-30
INMARSAT GLOBAL LIMITED;Global Xpress;55ºO;-55Ka;Estrangeiro;Termo;12/08/2021;TERMO DE AUTORIZAÇÃO Nº 19/2021;17/08/2021;53500.015782/2013-30
INMARSAT GLOBAL LIMITED;Global Xpress;55ºO;-55Ka;Estrangeiro;Termo;12/08/2021;TERMO DE AUTORIZAÇÃO Nº 21/2021;17/08/2021;53500.015782/2013-30
INMARSAT GLOBAL LIMITED;Global Xpress;55ºO;-55Ka;Estrangeiro;Termo;12/08/2021;TERMO DE AUTORIZAÇÃO Nº 22/2021;17/08/2021;53500.015782/2013-30
INMARSAT GLOBAL LIMITED;Global Xpress;55ºO;-55Ka;Estrangeiro;Ato;01/07/2021;Ato Nº 4.949/2021;02/07/2021;53500.015782/2013-30
INMARSAT GLOBAL LIMITED;Global Xpress;55ºO;-55Ka;Estrangeiro;Ato;22/06/2020;Ato Nº 3.295/2020;01/07/2020;53500.015782/2013-30
INMARSAT GLOBAL LIMITED;Global Xpress;55ºO;-55Ka;Estrangeiro;Ato;30/04/2019;Ato Nº 2.891/2019;13/05/2019;53500.015782/2013-30
INMARSAT GLOBAL LIMITED;Global Xpress;55ºO;-55Ka;Estrangeiro;Ato;30/04/2019;Ato Nº 2.889/2019;13/05/2019;53500.015782/2013-30
INMARSAT GLOBAL LIMITED;Global Xpress;55ºO;-55Ka;Estrangeiro;Ato;16/08/2018;Ato Nº 6.227/2018;09/10/2018;53500.015782/2013-30
INMARSAT GLOBAL LIMITED;Global Xpress;55ºO;-55Ka;Estrangeiro;Ato;26/04/2018;Ato Nº 3.206/2018;14/05/2018;53500.015782/2013-30
INMARSAT GLOBAL LIMITED;Global Xpress;55ºO;-55Ka;Estrangeiro;Ato;21/03/2018;Ato Nº 1.905/2018;14/05/2018;53500.015782/2013-30
INMARSAT GLOBAL LIMITED;Global Xpress;55ºO;-55Ka;Estrangeiro;Ato;04/12/2017;Ato Nº 14.460/2017;26/12/2017;53500.015782/2013-30
INMARSAT GLOBAL LIMITED;Global Xpress;55ºO;-55Ka;Estrangeiro;Ato;15/08/2017;Ato Nº 11.335/2017;01/09/2017;53500.015782/2013-30
INMARSAT GLOBAL LIMITED;Global Xpress;55ºO;-55Ka;Estrangeiro;Ato;20/12/2016;Ato Nº 5.554/2016;24/01/2017;53500.015782/2013-30
INMARSAT GLOBAL LIMITED;Global Xpress;55ºO;-55Ka;Estrangeiro;Ato;20/12/2016;Ato Nº 5.557/2016;24/01/2017;53500.015782/2013-30
INMARSAT GLOBAL LIMITED;Global Xpress;55ºO;-55Ka;Estrangeiro;Ato;27/01/2016;Ato Nº 50.193/2016;18/02/2016;53500.015782/2013-30
INMARSAT GLOBAL LIMITED;Global Xpress;55ºO;-55Ka;Estrangeiro;Ato;27/01/2016;Ato Nº 50.192/2016;18/02/2016;53500.015782/2013-30
INMARSAT GLOBAL LIMITED;Global Xpress;55ºO;-55Ka;Estrangeiro;Termo;14/07/2015;Termo ORLE/SOR Nº 179/2015 – ANATEL;15/09/2015;53500.015782/2013-30
INMARSAT GLOBAL LIMITED;Global Xpress;55ºO;-55Ka;Estrangeiro;Ato;28/05/2015;Ato Nº 3.249/2015;16/06/2015;53500.015782/2013-30
INMARSAT SOLUTIONS (CANADA) INC.;Inmarsat 3 AOR East;15,5ºO;-15,5L;Estrangeiro;Ato;23/06/2020;Ato Nº 3317/2020;01/07/2020;53500.012900/2016-09
INMARSAT SOLUTIONS (CANADA) INC.;Inmarsat 3 AOR East;15,5ºO;-15,5L;Estrangeiro;Ato;03/06/2019;Ato Nº 3502/2019;13/08/2019;53500.006484/2019-44
INMARSAT SOLUTIONS (CANADA) INC.;Inmarsat 3 AOR East;15,5ºO;-15,5L;Estrangeiro;Termo;23/11/2018;Termo de Autorização Nº 63/2018;26/11/2018;53500.027328/2018-36
INMARSAT SOLUTIONS (CANADA) INC.;Inmarsat 3 AOR East;15,5ºO;-15,5L;Estrangeiro;Termo;05/11/2018;Termo de Autorização Nº 62/2018;07/11/2018;53500.027328/2018-36
INMARSAT SOLUTIONS (CANADA) INC.;Inmarsat 3 AOR East;15,5ºO;-15,5L;Estrangeiro;Termo;05/11/2018;Termo de Autorização Nº 70/2018;07/11/2018;53500.027328/2018-36
INMARSAT SOLUTIONS (CANADA) INC.;Inmarsat 3 AOR East;15,5ºO;-15,5L;Estrangeiro;Termo;05/11/2018;Termo de Autorização Nº 68/2018;07/11/2018;53500.027328/2018-36
INMARSAT SOLUTIONS (CANADA) INC.;Inmarsat 3 AOR East;15,5ºO;-15,5L;Estrangeiro;Termo;05/11/2018;Termo de Autorização Nº 65/2018;07/11/2018;53500.027328/2018-36
INMARSAT SOLUTIONS (CANADA) INC.;Inmarsat 3 AOR East;15,5ºO;-15,5L;Estrangeiro;Termo;05/11/2018;Termo de Autorização Nº 66/2018;07/11/2018;53500.027328/2018-36
INMARSAT SOLUTIONS (CANADA) INC.;Inmarsat 3 AOR East;15,5ºO;-15,5L;Estrangeiro;Termo;05/11/2018;Termo de Autorização Nº 64/2018;07/11/2018;53500.027328/2018-36
INMARSAT SOLUTIONS (CANADA) INC.;Inmarsat 3 AOR East;15,5ºO;-15,5L;Estrangeiro;Termo;05/11/2018;Termo de Autorização Nº 69/2018;07/11/2018;53500.027328/2018-36
INMARSAT SOLUTIONS (CANADA) INC.;Inmarsat 3 AOR East;15,5ºO;-15,5L;Estrangeiro;Termo;05/11/2018;Termo de Autorização Nº 61/2018;07/11/2018;53500.027328/2018-36
INMARSAT SOLUTIONS (CANADA) INC.;Inmarsat 3 AOR East;15,5ºO;-15,5L;Estrangeiro;Ato;29/01/2018;Ato Nº 703/2018;06/04/2018;53500.012900/2016-09
INMARSAT SOLUTIONS (CANADA) INC.;Inmarsat 3 AOR East;15,5ºO;-15,5L;Estrangeiro;Ato;15/08/2017;Ato Nº 11.327/2017;01/09/2017;53500.012900/2016-09
INMARSAT SOLUTIONS (CANADA) INC.;Inmarsat 3 AOR East;15,5ºO;-15,5L;Estrangeiro;Ato;26/07/2016;Ato Nº 2.614/2016;27/07/2016;53500.012900/2016-09
INMARSAT SOLUTIONS (CANADA) INC.;Inmarsat 3 AOR East;15,5ºO;-15,5L;Estrangeiro;Despacho;25/05/2016;Despacho Nº 09/2016-SOR;30/05/2016;53500.008376/2016-63
INMARSAT SOLUTIONS (CANADA) INC.;Inmarsat 3 AOR East;15,5ºO;-15,5L;Estrangeiro;Ato;14/03/2016;Ato Nº 50.731/2016;15/03/2016;53500.016834/2011-23
INMARSAT SOLUTIONS (CANADA) INC.;Inmarsat 3 AOR East;15,5ºO;-15,5L;Estrangeiro;Ato;27/01/2016;Ato Nº 50.187/2016;18/02/2016;53500.016834/2011-23
INMARSAT SOLUTIONS (CANADA) INC.;Inmarsat 3 AOR East;15,5ºO;-15,5L;Estrangeiro;Ato;26/11/2015;Ato Nº 6.548/2015;02/12/2015;53500.016834/2011-23
INMARSAT SOLUTIONS (CANADA) INC.;Inmarsat 3 AOR East;15,5ºO;-15,5L;Estrangeiro;Ato;08/09/2015;Ato Nº 5.542/2015;21/09/2015;53500.016834/2011-23
INMARSAT SOLUTIONS (CANADA) INC.;Inmarsat 3 AOR East;15,5ºO;-15,5L;Estrangeiro;Despacho;18/11/2013;Despacho Nº 5552/2013-SOR;19/11/2013;53500.016834/2011-23
INMARSAT SOLUTIONS (CANADA) INC.;Inmarsat 3 AOR East;15,5ºO;-15,5L;Estrangeiro;Ato;08/07/2013;Ato Nº 4.182/2013;19/07/2013;53500.016834/2011-23
INMARSAT SOLUTIONS (CANADA) INC.;Inmarsat 3 AOR East;15,5ºO;-15,5L;Estrangeiro;Termo;28/03/2013;Termo PVSS/SPV Nº 166/2013;02/04/2013;53500.016834/2011-23
INMARSAT SOLUTIONS (CANADA) INC.;Inmarsat 3 AOR East;15,5ºO;-15,5L;Estrangeiro;Termo;28/03/2013;Termo PVSS/SPV Nº 164/2013;02/04/2013;53500.016834/2011-23
INMARSAT SOLUTIONS (CANADA) INC.;Inmarsat 3 AOR East;15,5ºO;-15,5L;Estrangeiro;Termo;28/03/2013;Termo PVSS/SPV Nº 163/2013;02/04/2013;53500.016834/2011-23
INMARSAT SOLUTIONS (CANADA) INC.;Inmarsat 3 AOR East;15,5ºO;-15,5L;Estrangeiro;Termo;28/03/2013;Termo PVSS/SPV Nº 165/2013;02/04/2013;53500.016834/2011-23
INMARSAT SOLUTIONS (CANADA) INC.;Inmarsat 3 AOR East;15,5ºO;-15,5L;Estrangeiro;Termo;28/03/2013;Termo PVSS/SPV Nº 167/2013;02/04/2013;53500.016834/2011-23
INMARSAT SOLUTIONS (CANADA) INC.;Inmarsat 3 AOR East;15,5ºO;-15,5L;Estrangeiro;Ato;01/11/2012;Ato Nº 6.370/2012;13/11/2012;53500.016834/2011-23
INMARSAT SOLUTIONS (CANADA) INC.;Inmarsat 3 AOR East;15,5ºO;-15,5L;Estrangeiro;Ato;23/07/2012;Ato Nº 4.198/2012;25/07/2012;53500.016834/2011-23
INMARSAT SOLUTIONS (CANADA) INC.;Inmarsat 3 AOR West;54ºO;-54L;Estrangeiro;Ato;23/06/2020;Ato Nº 3317/2020;01/07/2020;53500.012900/2016-09
INMARSAT SOLUTIONS (CANADA) INC.;Inmarsat 3 AOR West;54ºO;-54L;Estrangeiro;Ato;03/06/2019;Ato Nº 3502/2019;13/08/2019;53500.006484/2019-44
INMARSAT SOLUTIONS (CANADA) INC.;Inmarsat 3 AOR West;54ºO;-54L;Estrangeiro;Termo;23/11/2018;Termo de Autorização Nº 53/2018;26/11/2018;53500.027328/2018-36
INMARSAT SOLUTIONS (CANADA) INC.;Inmarsat 3 AOR West;54ºO;-54L;Estrangeiro;Termo;05/11/2018;Termo de Autorização Nº 55/2018;07/11/2018;53500.027328/2018-36
INMARSAT SOLUTIONS (CANADA) INC.;Inmarsat 3 AOR West;54ºO;-54L;Estrangeiro;Termo;05/11/2018;Termo de Autorização Nº 59/2018;07/11/2018;53500.027328/2018-36
INMARSAT SOLUTIONS (CANADA) INC.;Inmarsat 3 AOR West;54ºO;-54L;Estrangeiro;Termo;05/11/2018;Termo de Autorização Nº 54/2018;07/11/2018;53500.027328/2018-36
INMARSAT SOLUTIONS (CANADA) INC.;Inmarsat 3 AOR West;54ºO;-54L;Estrangeiro;Termo;05/11/2018;Termo de Autorização Nº 60/2018;07/11/2018;53500.027328/2018-36
INMARSAT SOLUTIONS (CANADA) INC.;Inmarsat 3 AOR West;54ºO;-54L;Estrangeiro;Termo;05/11/2018;Termo de Autorização Nº 58/2018;07/11/2018;53500.027328/2018-36
INMARSAT SOLUTIONS (CANADA) INC.;Inmarsat 3 AOR West;54ºO;-54L;Estrangeiro;Termo;05/11/2018;Termo de Autorização Nº 51/2018;07/11/2018;53500.027328/2018-36
INMARSAT SOLUTIONS (CANADA) INC.;Inmarsat 3 AOR West;54ºO;-54L;Estrangeiro;Termo;05/11/2018;Termo de Autorização Nº 52/2018;07/11/2018;53500.027328/2018-36
INMARSAT SOLUTIONS (CANADA) INC.;Inmarsat 3 AOR West;54ºO;-54L;Estrangeiro;Termo;05/11/2018;Termo de Autorização Nº 56/2018;07/11/2018;53500.027328/2018-36
INMARSAT SOLUTIONS (CANADA) INC.;Inmarsat 3 AOR West;54ºO;-54L;Estrangeiro;Ato;29/01/2018;Ato Nº 701/2018;06/04/2018;53500.012900/2016-09
INMARSAT SOLUTIONS (CANADA) INC.;Inmarsat 3 AOR West;54ºO;-54L;Estrangeiro;Ato;15/08/2017;Ato Nº 11.326/2017;01/09/2017;53500.012900/2016-09
INMARSAT SOLUTIONS (CANADA) INC.;Inmarsat 3 AOR West;54ºO;-54L;Estrangeiro;Ato;26/07/2016;Ato Nº 2.613/2016;27/07/2016;53500.012900/2016-09
INMARSAT SOLUTIONS (CANADA) INC.;Inmarsat 3 AOR West;54ºO;-54L;Estrangeiro;Despacho;25/05/2016;Despacho Nº 09/2016-SOR;30/05/2016;53500.008376/2016-63
INMARSAT SOLUTIONS (CANADA) INC.;Inmarsat 3 AOR West;54ºO;-54L;Estrangeiro;Ato;14/03/2016;Ato Nº 50.729/2016;15/03/2016;53500.016834/2011-23
INMARSAT SOLUTIONS (CANADA) INC.;Inmarsat 3 AOR West;54ºO;-54L;Estrangeiro;Ato;27/01/2016;Ato Nº 50.188/2016;18/02/2016;53500.016834/2011-23
INMARSAT SOLUTIONS (CANADA) INC.;Inmarsat 3 AOR West;54ºO;-54L;Estrangeiro;Ato;26/11/2015;Ato Nº 6.549/2015;02/12/2015;53500.016834/2011-23
INMARSAT SOLUTIONS (CANADA) INC.;Inmarsat 3 AOR West;54ºO;-54L;Estrangeiro;Ato;08/09/2015;Ato Nº 5.541/2015;21/09/2015;53500.016834/2011-23
INMARSAT SOLUTIONS (CANADA) INC.;Inmarsat 3 AOR West;54ºO;-54L;Estrangeiro;Despacho;18/11/2013;Despacho Nº 5553/2013-SOR;19/11/2013;53500.016834/2011-23
INMARSAT SOLUTIONS (CANADA) INC.;Inmarsat 3 AOR West;54ºO;-54L;Estrangeiro;Ato;08/07/2013;Ato Nº 4.183/2013;19/07/2013;53500.016834/2011-23
INMARSAT SOLUTIONS (CANADA) INC.;Inmarsat 3 AOR West;54ºO;-54L;Estrangeiro;Termo;28/03/2013;Termo PVSS/SPV Nº 169/2013;02/04/2013;53500.016834/2011-23
INMARSAT SOLUTIONS (CANADA) INC.;Inmarsat 3 AOR West;54ºO;-54L;Estrangeiro;Termo;28/03/2013;Termo PVSS/SPV Nº 170/2013;02/04/2013;53500.016834/2011-23
INMARSAT SOLUTIONS (CANADA) INC.;Inmarsat 3 AOR West;54ºO;-54L;Estrangeiro;Termo;28/03/2013;Termo PVSS/SPV Nº 171/2013;02/04/2013;53500.016834/2011-23
INMARSAT SOLUTIONS (CANADA) INC.;Inmarsat 3 AOR West;54ºO;-54L;Estrangeiro;Termo;28/03/2013;Termo PVSS/SPV Nº 168/2013;02/04/2013;53500.016834/2011-23
INMARSAT SOLUTIONS (CANADA) INC.;Inmarsat 3 AOR West;54ºO;-54L;Estrangeiro;Termo;28/03/2013;Termo PVSS/SPV Nº 172/2013;02/04/2013;53500.016834/2011-23
INMARSAT SOLUTIONS (CANADA) INC.;Inmarsat 3 AOR West;54ºO;-54L;Estrangeiro;Ato;01/11/2012;Ato Nº 6.372/2012;13/11/2012;53500.016834/2011-23
INMARSAT SOLUTIONS (CANADA) INC.;Inmarsat 3 AOR West;54ºO;-54L;Estrangeiro;Ato;23/07/2012;Ato Nº 4.197/2012;25/07/2012;53500.016834/2011-23
INMARSAT SOLUTIONS (CANADA) INC.;INMARSAT-4 F3;98ºO;-98L;Estrangeiro;Ato;22/04/2019;Ato Nº 2.633/2019;07/05/2019;53500.015427/2019-56
INMARSAT SOLUTIONS (CANADA) INC.;INMARSAT-4 F3;98ºO;-98L;Estrangeiro;Ato;16/02/2018;Ato Nº 1.107/2018;19/03/2018;53500.004052/2018-18
INMARSAT SOLUTIONS (CANADA) INC.;INMARSAT-4 F3;98ºO;-98L;Estrangeiro;Ato;29/01/2018;Ato Nº 704/2018;06/04/2018;53500.004955/2009-16
INMARSAT SOLUTIONS (CANADA) INC.;INMARSAT-4 F3;98ºO;-98L;Estrangeiro;Ato;14/03/2016;Ato Nº 50.728/2016;15/03/2016;53500.004955/2009-16
INMARSAT SOLUTIONS (CANADA) INC.;INMARSAT-4 F3;98ºO;-98L;Estrangeiro;Ato;27/01/2016;Ato Nº 50.186/2016;18/02/2016;53500.004955/2009-16
INMARSAT SOLUTIONS (CANADA) INC.;INMARSAT-4 F3;98ºO;-98L;Estrangeiro;Ato;26/11/2015;Ato Nº 6.546/2015;02/12/2015;53500.004955/2009-16
INMARSAT SOLUTIONS (CANADA) INC.;INMARSAT-4 F3;98ºO;-98L;Estrangeiro;Ato;08/09/2015;Ato Nº 5.540/2015;21/09/2015;53500.004955/2009-16
INMARSAT SOLUTIONS (CANADA) INC.;INMARSAT-4 F3;98ºO;-98L;Estrangeiro;Ato;30/06/2015;Ato Nº 4.221/2015;14/07/2015;53500.004955/2009-16
INMARSAT SOLUTIONS (CANADA) INC.;INMARSAT-4 F3;98ºO;-98L;Estrangeiro;Despacho;18/11/2013;Despacho Nº 5551/2013-SOR;19/11/2013;53500.004955/2009-16
INMARSAT SOLUTIONS (CANADA) INC.;INMARSAT-4 F3;98ºO;-98L;Estrangeiro;Ato;05/06/2013;Ato Nº 3.402/2013;13/06/2013;53500.004955/2009-16
INMARSAT SOLUTIONS (CANADA) INC.;INMARSAT-4 F3;98ºO;-98L;Estrangeiro;Termo;28/03/2013;Termo PVSS/SPV Nº 173/2013;02/04/2013;53500.004955/2009-16
INMARSAT SOLUTIONS (CANADA) INC.;INMARSAT-4 F3;98ºO;-98L;Estrangeiro;Termo;28/03/2013;Termo PVSS/SPV Nº 174/2013;02/04/2013;53500.004955/2009-16
INMARSAT SOLUTIONS (CANADA) INC.;INMARSAT-4 F3;98ºO;-98L;Estrangeiro;Termo;28/03/2013;Termo PVSS/SPV Nº 176/2013;02/04/2013;53500.004955/2009-16
INMARSAT SOLUTIONS (CANADA) INC.;INMARSAT-4 F3;98ºO;-98L;Estrangeiro;Termo;28/03/2013;Termo PVSS/SPV Nº 177/2013;02/04/2013;53500.004955/2009-16
INMARSAT SOLUTIONS (CANADA) INC.;INMARSAT-4 F3;98ºO;-98L;Estrangeiro;Termo;28/03/2013;Termo PVSS/SPV Nº 178/2013;02/04/2013;53500.004955/2009-16
INMARSAT SOLUTIONS (CANADA) INC.;INMARSAT-4 F3;98ºO;-98L;Estrangeiro;Termo;28/03/2013;Termo PVSS/SPV Nº 175/2013;02/04/2013;53500.004955/2009-16
INMARSAT SOLUTIONS (CANADA) INC.;INMARSAT-4 F3;98ºO;-98L;Estrangeiro;Ato;04/10/2012;Ato Nº 5.719/2012;11/10/2012;53500.004955/2009-16
INMARSAT SOLUTIONS (CANADA) INC.;INMARSAT-4 F3;98ºO;-98L;Estrangeiro;Ato;31/07/2012;Ato Nº 4.333/2012;08/08/2012;53500.004955/2009-16
INMARSAT SOLUTIONS (CANADA) INC.;INMARSAT-4 F3;98ºO;-98L;Estrangeiro;Ato;26/08/2010;Ato Nº 5.488/2010;16/09/2010;53500.004955/2009-16
INMARSAT SOLUTIONS B.V.;INMARSAT-4 F3;98ºO;-98L;Estrangeiro;Ato;20/07/2016;Ato Nº 2.384/2016;04/08/2016;53500.004955/2009-16
INMARSAT SOLUTIONS B.V.;INMARSAT-4 F3;98ºO;-98L;Estrangeiro;Ato;14/03/2016;Ato Nº 50.728/2016;15/03/2016;53500.004955/2009-16
INMARSAT SOLUTIONS B.V.;INMARSAT-4 F3;98ºO;-98L;Estrangeiro;Ato;05/06/2013;Ato Nº 3.402/2013;13/06/2013;53500.004955/2009-16
INMARSAT SOLUTIONS B.V.;INMARSAT-4 F3;98ºO;-98L;Estrangeiro;Termo;28/03/2013;Termo PVSS/SPV Nº 175/2013;02/04/2013;53500.004955/2009-16
INMARSAT SOLUTIONS B.V.;INMARSAT-4 F3;98ºO;-98L;Estrangeiro;Termo;28/03/2013;Termo PVSS/SPV Nº 178/2013;02/04/2013;53500.004955/2009-16
INMARSAT SOLUTIONS B.V.;INMARSAT-4 F3;98ºO;-98L;Estrangeiro;Termo;28/03/2013;Termo PVSS/SPV Nº 173/2013;02/04/2013;53500.004955/2009-16
INMARSAT SOLUTIONS B.V.;INMARSAT-4 F3;98ºO;-98L;Estrangeiro;Termo;28/03/2013;Termo PVSS/SPV Nº 177/2013;02/04/2013;53500.004955/2009-16
INMARSAT SOLUTIONS B.V.;INMARSAT-4 F3;98ºO;-98L;Estrangeiro;Termo;28/03/2013;Termo PVSS/SPV Nº 174/2013;02/04/2013;53500.004955/2009-16
INMARSAT SOLUTIONS B.V.;INMARSAT-4 F3;98ºO;-98L;Estrangeiro;Termo;28/03/2013;Termo PVSS/SPV Nº 176/2013;02/04/2013;53500.004955/2009-16
INMARSAT SOLUTIONS B.V.;INMARSAT-4 F3;98ºO;-98L;Estrangeiro;Ato;04/10/2012;Ato Nº 5.719/2012;11/10/2012;53500.004955/2009-16
INMARSAT SOLUTIONS B.V.;INMARSAT-4 F3;98ºO;-98L;Estrangeiro;Ato;31/07/2012;Ato Nº 4.333/2012;08/08/2012;53500.004955/2009-16
INMARSAT SOLUTIONS B.V.;INMARSAT-4 F3;98ºO;-98L;Estrangeiro;Ato;26/08/2010;Ato Nº 5.488/2010;16/09/2010;53500.004955/2009-16
INTELSAT LICENSE LLC;GALAXY 28;89ºO;-89CKU_2;Estrangeiro;Termo;25/01/2021;Termo de Autorização Nº 139/2020;27/02/2021;53500.011808/2005-61
INTELSAT LICENSE LLC;GALAXY 28;89ºO;-89CKU_2;Estrangeiro;Ato;17/08/2020;Ato Nº 4374/2020;18/08/2020;53500.011808/2005-61
INTELSAT LICENSE LLC;GALAXY 28;89ºO;-89CKU_2;Estrangeiro;Termo;16/06/2019;Termo de Autorização Nº 75/2018;18/06/2019;53500.011808/2005-61
INTELSAT LICENSE LLC;GALAXY 28;89ºO;-89CKU_2;Estrangeiro;Ato;10/03/2014;Ato N° 3.002/2014;19/03/2014;53500.011808/2005-61
INTELSAT LICENSE LLC;GALAXY 28;89ºO;-89CKU_2;Estrangeiro;Despacho;30/04/2007;Despacho Nº 030/2007-SPV;03/05/2007;53500.011808/2005-61
INTELSAT LICENSE LLC;GALAXY 28;89ºO;-89CKU_2;Estrangeiro;Termo;18/08/2006;Termo PVSS/SPV Nº 009/2006-ANATEL;08/09/2006;53500.011808/2005-61
INTELSAT LICENSE LLC;GALAXY 28;89ºO;-89CKU_2;Estrangeiro;Ato;03/05/2006;Ato N° 58.054/2006;09/05/2006;53500.011808/2005-61
INTELSAT LICENSE LLC;GALAXY 28;89ºO;-89CKU_2;Estrangeiro;Ato;23/03/2006;Ato N° 57.062/2006;27/03/2006;53500.011808/2005-61
INTELSAT LICENSE LLC;GALAXY 28;89ºO;-89CKU_2;Estrangeiro;Ato;09/02/2006;Ato N° 55.929/2006;10/02/2006;53500.011808/2005-61
INTELSAT LICENSE LLC;IS 10-02;1ºO;-1C;Estrangeiro;Termo;29/04/2020;Termo de Autorização Nº 46/2020;30/04/2020;53500.020638/2007-77
INTELSAT LICENSE LLC;IS 10-02;1ºO;-1C;Estrangeiro;Ato;01/10/2019;Ato Nº 6137/2019;03/10/2019;53500.020638/2007-77
INTELSAT LICENSE LLC;IS 10-02;1ºO;-1C;Estrangeiro;Termo;13/04/2018;TERMO DE AUTORIZAÇÃO Nº 12/2018;26/04/2018;53500.020638/2007-77
INTELSAT LICENSE LLC;IS 10-02;1ºO;-1C;Estrangeiro;Ato;09/09/2014;Ato Nº 7.557/2014;11/09/2014;53500.020638/2007-77
INTELSAT LICENSE LLC;IS 10-02;1ºO;-1C;Estrangeiro;Ato;06/09/2012;Ato Nº 5.163/2012;14/09/2012;53500.020638/2007-77
INTELSAT LICENSE LLC;IS 10-02;1ºO;-1C;Estrangeiro;Ato;26/07/2012;Ato Nº 4.243/2012;02/08/2012;53500.020638/2007-77
INTELSAT LICENSE LLC;IS 10-02;1ºO;-1C;Estrangeiro;Ato;06/04/2010;Ato Nº 2.200/2010;20/04/2010;53500.020638/2007-77
INTELSAT LICENSE LLC;IS 10-02;1ºO;-1C;Estrangeiro;Ato;15/03/2010;Ato Nº 1.654/2010;31/03/2010;53500.020638/2007-77
INTELSAT LICENSE LLC;IS 10-02;1ºO;-1C;Estrangeiro;Ato;29/01/2010;Ato Nº718/2010;17/02/2010;53500.020638/2007-77
INTELSAT LICENSE LLC;IS 10-02;1ºO;-1C;Estrangeiro;Termo;23/10/2008;Termo PVSS/SPV Nº 005/2008-ANATEL;03/11/2008;53500.020638/2007-77
INTELSAT LICENSE LLC;IS 10-02;1ºO;-1C;Estrangeiro;Ato;20/03/2008;Ato Nº 1.583/2008;03/04/2008;53500.020638/2007-77
INTELSAT LICENSE LLC;IS 901;27,5ºO;-27,5CKu_3;Estrangeiro;Ato;04/01/2022;Ato Nº 52/2022;05/01/2022;53500.054492/2019-05
INTELSAT LICENSE LLC;IS 905;24,5ºO;-24,5C_2;Estrangeiro;Termo aditivo;30/05/2022;Aditamento ao Termo de Autorização Nº 11/2021;31/05/2022;53500.003866/2002-78
INTELSAT LICENSE LLC;IS 905;24,5ºO;-24,5C_2;Estrangeiro;Ato;12/04/2022;Retificação Ato Nº 2007/2021;-;53500.003866/2002-78
INTELSAT LICENSE LLC;IS 905;24,5ºO;-24,5C_2;Estrangeiro;Termo;12/08/2021;TERMO DE AUTORIZAÇÃO Nº 11/2021;17/08/2021;53500.003866/2002-78
INTELSAT LICENSE LLC;IS 905;24,5ºO;-24,5C_2;Estrangeiro;Ato;24/03/2021;Ato nº 2007/2021;25/03/2021;53500.003866/2002-78
INTELSAT LICENSE LLC;IS-11;43,1ºO;-43,1CKuKu30B;Estrangeiro;Ato;27/11/2020;Ato Nº 7.311/2020;04/12/2020;53500.025176/2007-84
INTELSAT LICENSE LLC;IS-11;43,1ºO;-43,1CKuKu30B;Estrangeiro;Ato;05/02/2018;Ato Nº 844/2018;16/02/2018;53500.025176/2007-84
INTELSAT LICENSE LLC;IS-11;43,1ºO;-43,1CKuKu30B;Estrangeiro;Ato;02/10/2017;Ato Nº 12.730/2017;24/10/2017;53500.025176/2007-84
INTELSAT LICENSE LLC;IS-11;43,1ºO;-43,1CKuKu30B;Estrangeiro;Despacho;02/01/2017;Despacho N° 60/2016/SEI/ORLE/SOR;05/01/2017;53500.025176/2007-84
INTELSAT LICENSE LLC;IS-11;43,1ºO;-43,1CKuKu30B;Estrangeiro;Ato;06/05/2016;Ato Nº 1.321/2016;30/05/2016;53508.002028/2016-11
INTELSAT LICENSE LLC;IS-11;43,1ºO;-43,1CKuKu30B;Estrangeiro;Ato;29/10/2014;Ato Nº 8.572/2014;31/10/2014;53500.025176/2007-84
INTELSAT LICENSE LLC;IS-11;43,1ºO;-43,1CKuKu30B;Estrangeiro;Ato;17/12/2012;Ato Nº 7.596/2012;20/12/2012;53500.025176/2007-84
INTELSAT LICENSE LLC;IS-11;43,1ºO;-43,1CKuKu30B;Estrangeiro;Despacho;22/10/2012;Despacho N° 6.498/2012 – SPV;30/10/2012;53500.025176/2007-84
INTELSAT LICENSE LLC;IS-11;43,1ºO;-43,1CKuKu30B;Estrangeiro;Ato;03/10/2012;Ato Nº 5.700/2012;08/10/2012;53500.025176/2007-84
INTELSAT LICENSE LLC;IS-11;43,1ºO;-43,1CKuKu30B;Estrangeiro;Ato;26/07/2012;Ato Nº 4.245/2012;02/08/2012;53500.025176/2007-84
INTELSAT LICENSE LLC;IS-11;43,1ºO;-43,1CKuKu30B;Estrangeiro;Ato;17/05/2011;Ato Nº 3.233/2011;18/05/2011;53500.025176/2007-84
INTELSAT LICENSE LLC;IS-11;43,1ºO;-43,1CKuKu30B;Estrangeiro;Ato;06/05/2009;Ato Nº 2.345/2009;07/05/2009;53500.025176/2007-84
INTELSAT LICENSE LLC;IS-11;43,1ºO;-43,1CKuKu30B;Estrangeiro;Termo;14/10/2008;Termo PVSS/SPV Nº 004/2008-ANATEL;24/10/2008;53500.025176/2007-84
INTELSAT LICENSE LLC;IS-11;43,1ºO;-43,1CKuKu30B;Estrangeiro;Ato;29/04/2008;Ato Nº 2.476/2008;09/05/2008;53500.025176/2007-84
INTELSAT LICENSE LLC;IS-11;43,1ºO;-43,1CKuKu30B;Estrangeiro;Ato;10/01/2008;Ato Nº 106/2008;14/01/2008;53500.025176/2007-84
INTELSAT LICENSE LLC;IS-14;45ºO;-45C;Estrangeiro;Ato;27/08/2020;Ato Nº 4.702/2020;11/09/2020;53500.000289/2009-39
INTELSAT LICENSE LLC;IS-14;45ºO;-45C;Estrangeiro;Ato;02/10/2017;Ato Nº 12.729/2017;24/10/2017;53500.000289/2009-39
INTELSAT LICENSE LLC;IS-14;45ºO;-45C;Estrangeiro;Ato;31/03/2017;Ato Nº 7.747/2017;18/04/2017;53500.000289/2009-39
INTELSAT LICENSE LLC;IS-14;45ºO;-45C;Estrangeiro;Ato;10/04/2013;Ato Nº 2.409/2012;18/04/2013;53500.000289/2009-39
INTELSAT LICENSE LLC;IS-14;45ºO;-45C;Estrangeiro;Ato;26/07/2012;Ato Nº 4.247/2012;02/08/2012;53500.000289/2009-39
INTELSAT LICENSE LLC;IS-14;45ºO;-45C;Estrangeiro;Ato;10/02/2012;Ato Nº 855/2012;16/02/2012;53500.000289/2009-39
INTELSAT LICENSE LLC;IS-14;45ºO;-45C;Estrangeiro;Ato;14/06/2011;Ato Nº 4.155/2011;20/06/2011;53500.000289/2009-39
INTELSAT LICENSE LLC;IS-14;45ºO;-45C;Estrangeiro;Ato;16/03/2011;Ato Nº 1.540/2011;23/03/2011;53500.000289/2009-39
INTELSAT LICENSE LLC;IS-14;45ºO;-45C;Estrangeiro;Ato;20/12/2010;Ato Nº 8.342/2010;13/01/2011;53500.000289/2009-39
INTELSAT LICENSE LLC;IS-14;45ºO;-45C;Estrangeiro;Ato;19/10/2010;Ato Nº 6.779/2010;26/10/2010;53500.000289/2009-39
INTELSAT LICENSE LLC;IS-14;45ºO;-45C;Estrangeiro;Ato;10/08/2010;Ato Nº 5.090/2010;13/08/2010;53500.000289/2009-39
INTELSAT LICENSE LLC;IS-14;45ºO;-45C;Estrangeiro;Termo;21/05/2010;Termo PVSS/SPV Nº 002/2010-ANATEL;07/06/2010;53500.000289/2009-39
INTELSAT LICENSE LLC;IS-14;45ºO;-45C;Estrangeiro;Ato;23/04/2010;Ato Nº 2.652/2010;05/05/2010;53500.000289/2009-39
INTELSAT LICENSE LLC;IS-14;45ºO;-45C;Estrangeiro;Ato;18/03/2010;Ato Nº 1.796/2010;25/03/2010;53500.000289/2009-39
INTELSAT LICENSE LLC;IS-21;58ºO;-58CKu_2;Estrangeiro;Termo;21/01/2021;TERMO DE AUTORIZAÇÃO Nº 1/2021;10/02/2021;53500.006795/2012-37
INTELSAT LICENSE LLC;IS-21;58ºO;-58CKu_2;Estrangeiro;Ato;12/11/2020;Ato Nº 6.877/2020;13/11/2020;53500.006795/2012-37
INTELSAT LICENSE LLC;IS-30;95ºO;-95Ku;Estrangeiro;Ato;18/11/2020;Ato N° 7.017/2020;26/11/2020;53500.010986/2014-65
INTELSAT LICENSE LLC;IS-30;95ºO;-95Ku;Estrangeiro;Termo;27/12/2018;TERMO DE AUTORIZAÇÃO Nº 256/2018;11/01/2019;53500.010986/2014-65
INTELSAT LICENSE LLC;IS-30;95ºO;-95Ku;Estrangeiro;Ato;15/10/2018;Ato Nº 7.723/2018;18/10/2018;53500.010986/2014-65
INTELSAT LICENSE LLC;IS-34;55,5ºO;-55,5CKu;Estrangeiro;Ato;23/03/2021;Ato Nº 1.957/2021;25/03/2021;53500.006200/2015-96
INTELSAT LICENSE LLC;IS-34;55,5ºO;-55,5CKu;Estrangeiro;Ato;28/03/2016;Ato N° 788/2016;01/04/2016;53508.001116/2016-97
INTELSAT LICENSE LLC;IS-34;55,5ºO;-55,5CKu;Estrangeiro;Ato;08/03/2016;Ato N° 50.645/2016;28/03/2016;53500.006200/2015-96
INTELSAT LICENSE LLC;IS-34;55,5ºO;-55,5CKu;Estrangeiro;Ato;30/11/2015;Ato Nº 6.559/2015;02/12/2015;53500.006200/2015-96
INTELSAT LICENSE LLC;IS-34;55,5ºO;-55,5CKu;Estrangeiro;Termo;30/10/2015;Termo ORLE/SOR Nº 285/2015 – ANATEL;-;53500.006200/2015-96
INTELSAT LICENSE LLC;IS-34;55,5ºO;-55,5CKu;Estrangeiro;Ato;29/09/2015;Ato Nº 5.848/2015;01/10/2015;53500.006200/2015-96
INTELSAT LICENSE LLC;IS-34;55,5ºO;-55,5CKu;Estrangeiro;Ato;15/09/2015;Ato Nº 5.664/2015;21/09/2015;53500.006200/2015-96
INTELSAT LICENSE LLC;IS-35e;34,5ºO;-34,5C;Estrangeiro;Ato;06/09/2019;Ato Nº 5523/2019;11/09/2019;53508.006615/2016-71
INTELSAT LICENSE LLC;IS-35e;34,5ºO;-34,5C;Estrangeiro;Termo;02/03/2018;TERMO DE AUTORIZAÇÃO Nº 15/2018;19/03/2018;53508.006615/2016-71
INTELSAT LICENSE LLC;IS-35e;34,5ºO;-34,5C;Estrangeiro;Ato;10/08/2017;Ato Nº 11.151/2017;11/08/2017;53508.006615/2016-71
INTELSAT LICENSE LLC;IS-37e;18ºO;-18CKu;Estrangeiro;Ato;02/07/2019;Ato Nº 4.045/2019;12/07/2019;53508.002248/2017-17
INTELSAT LICENSE LLC;IS-37e;18ºO;-18CKu;Estrangeiro;Ato;24/12/2018;Ato Nº 10.278/2018;31/12/2018;53508.002248/2017-17
INTELSAT LICENSE LLC;IS-37e;18ºO;-18CKu;Estrangeiro;Ato;20/08/2018;Ato Nº 6.298/2018;17/09/2018;53508.002248/2017-17
INTELSAT LICENSE LLC;IS-37e;18ºO;-18CKu;Estrangeiro;Termo;21/03/2018;TERMO DE AUTORIZAÇÃO Nº 14/2018;26/03/2018;53508.002248/2017-17
INTELSAT LICENSE LLC;IS-37e;18ºO;-18CKu;Estrangeiro;Ato;10/01/2018;Ato Nº 164/2018;11/01/2018;53508.002248/2017-17
IRIDIUM SATELLITE LLC;IRIDIUM;NGEO;IRI-L;Estrangeiro;Termo;01/06/2018;Termo ORLE/SOR N° 33/2018;04/06/2018;53500.014964/2015-55
IRIDIUM SATELLITE LLC;IRIDIUM;NGEO;IRI-L;Estrangeiro;Ato;15/03/2018;Ato Nº 1.817/2018;20/03/2018;53500.014964/2015-55
IRIDIUM SATELLITE LLC;IRIDIUM;NGEO;IRI-L;Estrangeiro;Termo;28/11/2016;Termo ORLE/SOR N° 240/2016;30/11/2016;53500.014964/2015-55
IRIDIUM SATELLITE LLC;IRIDIUM;NGEO;IRI-L;Estrangeiro;Ato;09/06/2016;Ato Nº 1.668/2016;10/06/2016;53500.014964/2015-55
IRIDIUM SATELLITE LLC;IRIDIUM;NGEO;IRI-L;Estrangeiro;Termo;25/08/2006;Termo PVSS/SPV Nº 010/2006-ANATEL;28/09/2006;53500.031075/2004-08
IRIDIUM SATELLITE LLC;IRIDIUM;NGEO;IRI-L;Estrangeiro;Ato;12/07/2006;Ato Nº 59.572/2006;21/07/2006;53500.031075/2004-08
KEPLER COMMUNICATIONS INC.;Sistema Kepler;NGEO;KPL-LSKu;Estrangeiro;Ato;22/03/2022;Ato Nº 4163/2022;24/03/2022;53500.065211/2020-75
MARLINK SAS;Inmarsat 3 AOR East;15,5ºO;-15,5L;Estrangeiro;;;;;
MARLINK SAS;Inmarsat 3 AOR West;54ºO;-54L;Estrangeiro;;;;;
MARLINK SAS;INMARSAT-4 F3;98ºO;-98L;Estrangeiro;Ato;14/03/2016;Ato Nº 50.728/2016;15/03/2016;53500.004955/2009-16
MARLINK SAS;INMARSAT-4 F3;98ºO;-98L;Estrangeiro;Ato;05/06/2013;Ato Nº 3.402/2013;13/06/2013;53500.004955/2009-16
MARLINK SAS;INMARSAT-4 F3;98ºO;-98L;Estrangeiro;Termo;28/03/2013;Termo PVSS/SPV Nº 173/2013;02/04/2013;53500.004955/2009-16
MARLINK SAS;INMARSAT-4 F3;98ºO;-98L;Estrangeiro;Termo;28/03/2013;Termo PVSS/SPV Nº 174/2013;02/04/2013;53500.004955/2009-16
MARLINK SAS;INMARSAT-4 F3;98ºO;-98L;Estrangeiro;Termo;28/03/2013;Termo PVSS/SPV Nº 178/2013;02/04/2013;53500.004955/2009-16
MARLINK SAS;INMARSAT-4 F3;98ºO;-98L;Estrangeiro;Termo;28/03/2013;Termo PVSS/SPV Nº 175/2013;02/04/2013;53500.004955/2009-16
MARLINK SAS;INMARSAT-4 F3;98ºO;-98L;Estrangeiro;Termo;28/03/2013;Termo PVSS/SPV Nº 176/2013;02/04/2013;53500.004955/2009-16
MARLINK SAS;INMARSAT-4 F3;98ºO;-98L;Estrangeiro;Termo;28/03/2013;Termo PVSS/SPV Nº 177/2013;02/04/2013;53500.004955/2009-16
MARLINK SAS;INMARSAT-4 F3;98ºO;-98L;Estrangeiro;Ato;04/10/2012;Ato Nº 5.719/2012;11/10/2012;53500.004955/2009-16
MARLINK SAS;INMARSAT-4 F3;98ºO;-98L;Estrangeiro;Ato;31/07/2012;Ato Nº 4.333/2012;08/08/2012;53500.004955/2009-16
MARLINK SAS;INMARSAT-4 F3;98ºO;-98L;Estrangeiro;Ato;26/08/2010;Ato Nº 5.488/2010;16/09/2010;53500.004955/2009-16
MORSVIAZSPUTNIK;Inmarsat 3 AOR East;15,5ºO;-15,5L;Estrangeiro;;;;;
MORSVIAZSPUTNIK;Inmarsat 3 AOR West;54ºO;-54L;Estrangeiro;;;;;
MORSVIAZSPUTNIK;INMARSAT-4 F3;98ºO;-98L;Estrangeiro;Ato;03/06/2019;Ato Nº 3502/2019;13/08/2019;53500.006484/2019-44
MORSVIAZSPUTNIK;INMARSAT-4 F3;98ºO;-98L;Estrangeiro;Ato;05/04/2018;Ato Nº 2.693/2018;14/05/2018;53500.004955/2009-16
MORSVIAZSPUTNIK;INMARSAT-4 F3;98ºO;-98L;Estrangeiro;Despacho;25/05/2016;Despacho Nº 09/2016-SOR;30/05/2016;53500.008376/2016-63
MORSVIAZSPUTNIK;INMARSAT-4 F3;98ºO;-98L;Estrangeiro;Ato;14/03/2016;Ato Nº 50.728/2016;15/03/2016;53500.004955/2009-16
MORSVIAZSPUTNIK;INMARSAT-4 F3;98ºO;-98L;Estrangeiro;Ato;05/06/2013;Ato Nº 3.402/2013;13/06/2013;53500.004955/2009-16
MORSVIAZSPUTNIK;INMARSAT-4 F3;98ºO;-98L;Estrangeiro;Termo;28/03/2013;Termo PVSS/SPV Nº 173/2013;02/04/2013;53500.004955/2009-16
MORSVIAZSPUTNIK;INMARSAT-4 F3;98ºO;-98L;Estrangeiro;Termo;28/03/2013;Termo PVSS/SPV Nº 174/2013;02/04/2013;53500.004955/2009-16
MORSVIAZSPUTNIK;INMARSAT-4 F3;98ºO;-98L;Estrangeiro;Termo;28/03/2013;Termo PVSS/SPV Nº 177/2013;02/04/2013;53500.004955/2009-16
MORSVIAZSPUTNIK;INMARSAT-4 F3;98ºO;-98L;Estrangeiro;Termo;28/03/2013;Termo PVSS/SPV Nº 178/2013;02/04/2013;53500.004955/2009-16
MORSVIAZSPUTNIK;INMARSAT-4 F3;98ºO;-98L;Estrangeiro;Termo;28/03/2013;Termo PVSS/SPV Nº 176/2013;02/04/2013;53500.004955/2009-16
MORSVIAZSPUTNIK;INMARSAT-4 F3;98ºO;-98L;Estrangeiro;Termo;28/03/2013;Termo PVSS/SPV Nº 175/2013;02/04/2013;53500.004955/2009-16
MORSVIAZSPUTNIK;INMARSAT-4 F3;98ºO;-98L;Estrangeiro;Ato;04/10/2012;Ato Nº 5.719/2012;11/10/2012;53500.004955/2009-16
MORSVIAZSPUTNIK;INMARSAT-4 F3;98ºO;-98L;Estrangeiro;Ato;31/07/2012;Ato Nº 4.333/2012;08/08/2012;53500.004955/2009-16
MORSVIAZSPUTNIK;INMARSAT-4 F3;98ºO;-98L;Estrangeiro;Ato;26/08/2010;Ato Nº 5.488/2010;16/09/2010;53500.004955/2009-16
NEW SKIES SATELLITES B.V.;NSS7;20ºO;-20CKu;Estrangeiro;Termo;28/01/2020;TERMO DE AUTORIZAÇÃO Nº 150/2019;29/01/2020;53500.021153/2011-87
NEW SKIES SATELLITES B.V.;NSS7;20ºO;-20CKu;Estrangeiro;Ato;11/09/2019;Ato Nº 5637/2019;12/09/2019;53500.021153/2011-87
NEW SKIES SATELLITES B.V.;NSS7;20ºO;-20CKu;Estrangeiro;Termo;03/12/2012;Termo PVSS/SPV Nº 160/2012-ANATEL;-;53500.021153/2011
NEW SKIES SATELLITES B.V.;NSS7;20ºO;-20CKu;Estrangeiro;Ato;07/08/2012;Ato Nº 4.418/2012;15/08/2012;53500.021153/2011-87
NEW SKIES SATELLITES B.V.;SES-4;22ºO;-22CKu;Estrangeiro;Ato;14/09/2017;Ato Nº 12.224/2017;24/10/2017;53500.001494/1999-99
NEW SKIES SATELLITES B.V.;SES-4;22ºO;-22CKu;Estrangeiro;Termo;13/03/2015;Termo ORLE/SOR Nº 75/2015;15/06/2015;53500.001494/1999-99
NEW SKIES SATELLITES B.V.;SES-4;22ºO;-22CKu;Estrangeiro;Ato;16/06/2014;Ato Nº 6.003/2014;25/06/2014;53500.001494/1999-99
NEW SKIES SATELLITES B.V.;SES-4;22ºO;-22CKu;Estrangeiro;Ato;22/03/2012;Ato Nº 1.609/2012;05/04/2012;53500.001494/1999-99
NEW SKIES SATELLITES B.V.;SES-4;22ºO;-22CKu;Estrangeiro;Termo;01/11/2006;Termo PVSS/SPV Nº 013/2006-ANATEL;04/01/2007;53500.001494/1999-99
NEW SKIES SATELLITES B.V.;SES-4;22ºO;-22CKu;Estrangeiro;Ato;18/10/2006;Ato Nº 61.404/2006;25/10/2006;53500.001494/1999
NEW SKIES SATELLITES B.V.;SES-4;22ºO;-22CKu;Estrangeiro;Ato;22/11/2004;Ato Nº 47.894/2004;29/11/2004;53500.020828/2004
NEW SKIES SATELLITES B.V.;SES-4;22ºO;-22CKu;Estrangeiro;Ato;19/12/2002;Ato Nº 32.455/2002;23/12/2002;53500.001494/1999
NEW SKIES SATELLITES B.V.;SES-4;22ºO;-22CKu;Estrangeiro;Ato;11/07/2002;Ato N° 27.131/2002;15/07/2002;53500.001494/1999
NEW SKIES SATELLITES B.V.;SES-4;22ºO;-22CKu;Estrangeiro;Ato;30/06/1999;Ato Nº 3.930/1999;01/07/1999;53500.001494/1999
NEW SKIES SATELLITES B.V.;SES-6;40,5ºO;-40,5CC30BKu;Estrangeiro;Ato;19/12/2013;Ato Nº 7.684/2013;24/12/2013;53500.000155/2012-13
NEW SKIES SATELLITES B.V.;SES-6;40,5ºO;-40,5CC30BKu;Estrangeiro;Termo;22/08/2013;Termo ORLE/SOR Nº 01/2013-ANATEL;17/09/2013;53500.000155/2012-13
NEW SKIES SATELLITES B.V.;SES-6;40,5ºO;-40,5CC30BKu;Estrangeiro;Ato;03/06/2013;Ato Nº 3.126/2013;12/06/2013;53500.000155/2012-13
NEW SKIES SATELLITES B.V.;SES-10;67ºO;-67Ku;Estrangeiro;Ato;04/02/2020;Ato Nº 629/2020;06/02/2020;53500.211049/2015-14
NEW SKIES SATELLITES B.V.;SES-10;67ºO;-67Ku;Estrangeiro;Ato;07/05/2018;Ato Nº 3.413/2018;16/05/2018;53500.211049/2015-14
NEW SKIES SATELLITES B.V.;SES-10;67ºO;-67Ku;Estrangeiro;Termo;18/12/2017;Termo de Autorização Nº 137/2017;20/12/2017;53500.211049/2015-14
NEW SKIES SATELLITES B.V.;SES-10;67ºO;-67Ku;Estrangeiro;Ato;25/09/2017;Ato Nº 12.506/2017;26/09/2017;53500.211049/2015-14
O3B LIMITED;O3B;NGEO;O3B-Ka;Estrangeiro;Ato;28/10/2021;Ato Nº 9538/2021;29/10/2021;53500.022176/2011-17
O3B LIMITED;O3B;NGEO;O3B-Ka;Estrangeiro;Ato;12/08/2019;Retificação Ato N° 2.197/2019;13/08/2019;53500.022176/2011-17
O3B LIMITED;O3B;NGEO;O3B-Ka;Estrangeiro;Ato;02/04/2019;Ato N° 2.197/2019;22/04/2019;53500.022176/2011-17
O3B LIMITED;O3B;NGEO;O3B-Ka;Estrangeiro;Termo;06/04/2015;Termo ORLE/SOR Nº 109/2015;-;53500.022176/2011
O3B LIMITED;O3B;NGEO;O3B-Ka;Estrangeiro;Ato;05/06/2014;Ato N° 5.772/2014;09/06/2014;53500.022176/2011-17
O3B LIMITED;O3B;NGEO;O3B-Ka;Estrangeiro;Ato;22/10/2013;Ato N° 6.366/2013;01/11/2013;53500.022176/2011-17
ONEWEB LIMITED;Sistema Oneweb;NGEO;OWB-KuKa;Estrangeiro;Ato;15/07/2022;Ato Nº 10504/2022;18/07/2022;53500.046356/2022-39
ORBCOMM INC.;Sistema Orbcomm;NGEO;ORB-VHF;Estrangeiro;Termo;07/04/2015;Termo ORLE/SOR Nº 115/2015-ANATEL;12/08/2015;53500.000308/2014-94
ORBCOMM INC.;Sistema Orbcomm;NGEO;ORB-VHF;Estrangeiro;Ato;10/04/2014;Ato N° 4.561/2014;11/04/2014;53500.000308/2014-94
RUSSIAN SATELLITE COMMUNICATIONS COMPANY (RSCC);EXPRESS AM8;14ºO;-14C;Estrangeiro;Termo;14/04/2020;Termo de Autorização Nº 27/2020;16/04/2020;53508.002982/2016-03
RUSSIAN SATELLITE COMMUNICATIONS COMPANY (RSCC);EXPRESS AM8;14ºO;-14C;Estrangeiro;Ato;13/06/2018;Ato Nº 4.539/2018;18/06/2018;53508.002982/2016-03
SES ASTRA AB;SES-5;5ºL;5C;Estrangeiro;Termo;03/12/2012;Termo PVSS/SPV Nº 159/2012-ANATEL;-;53500.022769/2011
SES ASTRA AB;SES-5;5ºL;5C;Estrangeiro;Ato;08/08/2012;Ato Nº 4.431/2012;15/08/2012;53500.022769/2011-75
SES ASTRA S.A.;SES-17;67ºO;-67Ka;Estrangeiro;Termo;06/04/2021;Termo  de Autorização nº 6/2021;12/04/2021;53500.024300/2020-61
SES ASTRA S.A.;SES-17;67ºO;-67Ka;Estrangeiro;Ato;01/02/2021;Ato Nº 695/2021;02/02/2021;53500.024300/2020-61
SES DTH DO BRASIL LTDA;SES-14;47,5ºO;-47,5CKuKa;Brasileiro;Termo aditivo;07/08/2018;2º Aditamento ao Termo ORLE/SOR N° 2/2014 – ANATEL;09/08/2018;53500.021279/2014-02
SES DTH DO BRASIL LTDA;SES-14;47,5ºO;-47,5CKuKa;Brasileiro;Termo aditivo;14/05/2018;Aditamento ao Termo ORLE/SOR N° 2/2014 – ANATEL;15/05/2018;53500.021279/2014-02
SES DTH DO BRASIL LTDA;SES-14;47,5ºO;-47,5CKuKa;Brasileiro;Ato;01/03/2018;Ato Nº 1.373/2018;02/03/2018;53500.021279/2014-02
SES DTH DO BRASIL LTDA;SES-14;47,5ºO;-47,5CKuKa;Brasileiro;Termo;12/08/2014;Termo ORLE/SOR N° 2/2014 – ANATEL;13/08/2014;53500.021279/2014-02
SES DTH DO BRASIL LTDA;SES-14;47,5ºO;-47,5CKuKa;Brasileiro;Ato;06/08/2014;Ato Nº 6.915/2014;08/08/2014;53500.006744/2014-77
SKYNET SATELLITE CORPORATION;Telstar 12V;15ºO;-15Ku;Estrangeiro;Ato;22/07/2019;Ato N° 4.382/2019;29/07/2019;53500.008675/2015-17
SKYNET SATELLITE CORPORATION;Telstar 12V;15ºO;-15Ku;Estrangeiro;Ato;17/11/2017;Ato Nº 13932/2017;11/12/2017;53500.008675/2015-17
SKYNET SATELLITE CORPORATION;Telstar 12V;15ºO;-15Ku;Estrangeiro;Termo;22/02/2017;Termo de Autorização Nº 1/2017;24/02/2017;53500.008675/2015-17
SKYNET SATELLITE CORPORATION;Telstar 12V;15ºO;-15Ku;Estrangeiro;Ato;07/02/2017;Ato Nº 676/2017;13/02/2017;53500.008675/2015-17
SKYNET SATELLITE CORPORATION;Telstar 12V;15ºO;-15Ku;Estrangeiro;Ato;16/12/2016;Ato Nº 5.500/2016;20/12/2016;53500.008675/2015-17
SKYNET SATELLITE CORPORATION;Telstar 12V;15ºO;-15Ku;Estrangeiro;Ato;17/06/2016;Ato Nº 1.843/2016;22/07/2016;53500.008675/2015-17
SKYNET SATELLITE CORPORATION;Telstar 12V;15ºO;-15Ku;Estrangeiro;Ato;05/05/2016;Ato Nº 1.316/2016;09/05/2016;53500.008675/2015-17
SPACE EXPLORATION HOLDINGS, LLC;Sistema Starlink;NGEO;SLK-KuKa;Estrangeiro;Ato;07/02/2022;Ato Nº 2174/2022;08/02/2022;53500.030333/2021-21
SWARM TECHNOLOGIES, INC.;Sistema Swarm;NGEO;SWM-VHF;Estrangeiro;Ato;09/02/2022;Ato Nº 2263/2022;11/02/2022;53500.043349/2020-13
TELECOM ITÁLIA S.p.A.;Inmarsat 3 AOR East;15,5ºO;-15,5L;Estrangeiro;;;;;
TELECOM ITÁLIA S.p.A.;Inmarsat 3 AOR West;54ºO;-54L;Estrangeiro;;;;;
TELECOM ITÁLIA S.p.A.;INMARSAT-4 F3;98ºO;-98L;Estrangeiro;Ato;24/06/2020;Ato Nº 3.318/2020;01/07/2020;53500.004955/2009-16
TELECOM ITÁLIA S.p.A.;INMARSAT-4 F3;98ºO;-98L;Estrangeiro;Ato;14/03/2016;Ato Nº 50.728/2016;15/03/2016;53500.004955/2009-16
TELECOM ITÁLIA S.p.A.;INMARSAT-4 F3;98ºO;-98L;Estrangeiro;Ato;05/06/2013;Ato Nº 3.402/2013;13/06/2013;53500.004955/2009-16
TELECOM ITÁLIA S.p.A.;INMARSAT-4 F3;98ºO;-98L;Estrangeiro;Termo;28/03/2013;Termo PVSS/SPV Nº 175/2013;02/04/2013;53500.004955/2009-16
TELECOM ITÁLIA S.p.A.;INMARSAT-4 F3;98ºO;-98L;Estrangeiro;Termo;28/03/2013;Termo PVSS/SPV Nº 173/2013;02/04/2013;53500.004955/2009-16
TELECOM ITÁLIA S.p.A.;INMARSAT-4 F3;98ºO;-98L;Estrangeiro;Termo;28/03/2013;Termo PVSS/SPV Nº 174/2013;02/04/2013;53500.004955/2009-16
TELECOM ITÁLIA S.p.A.;INMARSAT-4 F3;98ºO;-98L;Estrangeiro;Termo;28/03/2013;Termo PVSS/SPV Nº 178/2013;02/04/2013;53500.004955/2009-16
TELECOM ITÁLIA S.p.A.;INMARSAT-4 F3;98ºO;-98L;Estrangeiro;Termo;28/03/2013;Termo PVSS/SPV Nº 177/2013;02/04/2013;53500.004955/2009-16
TELECOM ITÁLIA S.p.A.;INMARSAT-4 F3;98ºO;-98L;Estrangeiro;Termo;28/03/2013;Termo PVSS/SPV Nº 176/2013;02/04/2013;53500.004955/2009-16
TELECOM ITÁLIA S.p.A.;INMARSAT-4 F3;98ºO;-98L;Estrangeiro;Ato;04/10/2012;Ato Nº 5.719/2012;11/10/2012;53500.004955/2009-16
TELECOM ITÁLIA S.p.A.;INMARSAT-4 F3;98ºO;-98L;Estrangeiro;Ato;31/07/2012;Ato Nº 4.333/2012;08/08/2012;53500.004955/2009-16
TELECOM ITÁLIA S.p.A.;INMARSAT-4 F3;98ºO;-98L;Estrangeiro;Ato;26/08/2010;Ato Nº 5.488/2010;16/09/2010;53500.004955/2009-16
TELECOMUNICACOES BRASILEIRAS SA TELEBRAS;SGDC;75ºO;-75Ka;Brasileiro;Termo aditivo;20/06/2022;Aditamento ao Termo de Direito de Exploração ORLE/SOR Nº 05/2014;27/06/2022;53500.056990/2017-12
TELECOMUNICACOES BRASILEIRAS SA TELEBRAS;SGDC;75ºO;-75Ka;Brasileiro;Ato;10/08/2021;Ato Nº 5.958/2021;19/08/2021;53500.056990/2017-12
TELECOMUNICACOES BRASILEIRAS SA TELEBRAS;SGDC;75ºO;-75Ka;Brasileiro;Termo;25/08/2014;Termo ORLE/SOR Nº 5/2014-ANATEL;29/08/2014;53500.021531/2013-94
TELECOMUNICACOES BRASILEIRAS SA TELEBRAS;SGDC;75ºO;-75Ka;Brasileiro;Ato;07/01/2014;Ato Nº 76/2014;14/01/2014;"53500.021531/2013;"
TELESAT BRASIL CAPACIDADE DE SATÉLITES LTDA;Estrela do Sul 2;63ºO;-63Ku;Brasileiro;Termo;02/03/2016;Termo ORLE/SOR N° 002/2016 – ANATEL;04/03/2016;53500.007759/2015-33
TELESAT BRASIL CAPACIDADE DE SATÉLITES LTDA;Estrela do Sul 2;63ºO;-63Ku;Brasileiro;Ato;24/02/2016;Ato N° 50.474/2016;25/02/2016;53500.007759/2015-33
TELESAT BRASIL CAPACIDADE DE SATÉLITES LTDA;Estrela do Sul 2;63ºO;-63Ku;Brasileiro;Termo;19/12/2008;Termo PVSS/SPV N° 006/2008 – ANATEL;23/12/2008;53500.025715/2009-47
TELESAT BRASIL CAPACIDADE DE SATÉLITES LTDA;Estrela do Sul 2;63ºO;-63Ku;Brasileiro;Ato;01/12/2008;Ato N° 7.446/2008;09/12/2008;53500.025715/2009-47
TELESAT BRASIL CAPACIDADE DE SATÉLITES LTDA;Telstar 19 Vantage;63ºO;-63Ka;Brasileiro;Termo;02/03/2016;Termo ORLE/SOR N° 001/2016 – ANATEL;04/03/2016;53500.007759/2015-33
TELESAT BRASIL CAPACIDADE DE SATÉLITES LTDA;Telstar 19 Vantage;63ºO;-63Ka;Brasileiro;Ato;24/02/2016;Ato N° 50.472/2016;25/02/2016;53500.007759/2015-33
TELESAT BRASIL CAPACIDADE DE SATÉLITES LTDA;Telstar 19 Vantage;63ºO;-63Ku;Brasileiro;;;;;
TELESAT BRASIL CAPACIDADE DE SATÉLITES LTDA;Telstar 19 Vantage;63ºO;-63Ku30B;Brasileiro;;;;;
TELESAT CANADA;ANIK G1;107,3ºO;-107,3CKuX_2;Estrangeiro;Termo;02/03/2021;Termo de Autorização Nº 2/2021;04/03/2021;53500.005555/2011-34
TELESAT CANADA;ANIK G1;107,3ºO;-107,3CKuX_2;Estrangeiro;Ato;01/07/2020;Ato Nº 3.480/2020;02/07/2020;53500.005555/2011-34
TELESAT CANADA;ANIK G1;107,3ºO;-107,3CKuX_2;Estrangeiro;Ato;18/09/2014;Ato Nº 7.758/2014;19/09/2014;53500.005555/2011
TELESAT CANADA;ANIK G1;107,3ºO;-107,3CKuX_2;Estrangeiro;Ato;02/05/2014;Ato Nº 4.955/2014;05/05/2014;53500.005555/2011
TELESAT CANADA;ANIK G1;107,3ºO;-107,3CKuX_2;Estrangeiro;Ato;25/11/2013;Ato Nº 7.094/2013;02/12/2013;53500.005555/2011
TELESAT CANADA;ANIK G1;107,3ºO;-107,3CKuX_2;Estrangeiro;Ato;13/11/2012;Ato Nº 6.744/2012;19/11/2012;53500.005555/2011
TELESAT CANADA;ANIK G1;107,3ºO;-107,3CKuX_2;Estrangeiro;Termo;17/09/2012;Termo PVSS/SPV Nº 158/2012-ANATEL;24/09/2012;53500.005555/2011-34
TELESAT CANADA;ANIK G1;107,3ºO;-107,3CKuX_2;Estrangeiro;Ato;19/06/2012;Ato Nº 3.387/2012;04/07/2012;53500.005555/2011-34
TELESAT LEO INC;Sistema Telesat Lightspeed;NGEO;TLS-Ka;Estrangeiro;Ato;17/05/2022;Ato Nº 6847/2022;19/05/2022;53500.042080/2021-39
"VIASAT INCORPORATED's";ViaSat-3 (89W);89ºO;-89Ka;Estrangeiro;Termo;16/02/2022;TERMO DE AUTORIZAÇÃO Nº 50/2021;17/02/2022;53500.023357/2021-24
"VIASAT INCORPORATED's";ViaSat-3 (89W);89ºO;-89Ka;Estrangeiro;Ato;20/10/2021;Ato Nº 9307/2021;22/10/2021;53500.023357/2021-24
VIASAT SATELLITE HOLDINGS, LTD.;ViaSat-3 (79W);79ºO;-79Ka;Estrangeiro;Termo;12/08/2021;TERMO DE AUTORIZAÇÃO Nº 13/2021;17/08/2021;53500.023370/2021-83
VIASAT SATELLITE HOLDINGS, LTD.;ViaSat-3 (79W);79ºO;-79Ka;Estrangeiro;Ato;15/06/2021;Ato Nº 4338/2021;16/06/2021;53500.023370/2021-83
VIASAT SATELLITE HOLDINGS, LTD.;ViaSat-3 (89W);89ºO;-89Ka;Estrangeiro;Termo;16/02/2022;TERMO DE AUTORIZAÇÃO Nº 51/2021;17/02/2022;53500.023357/2021-24
VIASAT SATELLITE HOLDINGS, LTD.;ViaSat-3 (89W);89ºO;-89Ka;Estrangeiro;Ato;20/10/2021;Ato Nº 9308/2021;22/10/2021;53500.023357/2021-24
WORLDVU SATELLITES LIMITED;Sistema Oneweb;NGEO;OWB-KuKa;Estrangeiro;Ato;15/07/2022;Ato Nº 10495/2022;18/07/2022;53500.046356/2022-39
